"Id","Path","Slice Name","Alias(s)","Label","Min","Max","Must Support?","Is Modifier?","Is Summary?","Type(s)","Short","Definition","Comments","Requirements","Default Value","Meaning When Missing","Fixed Value","Pattern","Example","Minimum Value","Maximum Value","Maximum Length","Binding Strength","Binding Description","Binding Value Set","Code","Slicing Discriminator","Slicing Description","Slicing Ordered","Slicing Rules","Base Path","Base Min","Base Max","Condition(s)","Constraint(s)","Mapping: Onkologischer Basisdatensatz (oBDS 2021)","Mapping: IQTIG QS 18.1 Mammachirurgie (Spez. 2024 V05)","Mapping: OncoBox Brust N1.1.1 (DKG-Zertifizierung)","Mapping: IRegG Brustimplantat-Meldung (V4.1.1)","Mapping: Senologie FHIR-Profile (interne Abbildung)","Mapping: RIM Mapping"
"LogicalModelSenologie","LogicalModelSenologie","","","",0,*,"","","","null {[]} {[]}
","BIH LM Senologie LogicalModel","Vollständiges LogicalModel der BIH-Spezifikation des Moduls Senologie. Bildet alle klinischen Datenpunkte des Kerndatensatzes Senologie ab.","","","","","","","","","",,,,,"",,,,"Element",0,*,"ele-1
","ele-1:All FHIR elements must have a @value or children {hasValue() or (children().count() > id.count())}
","n/a"
"LogicalModelSenologie.id","LogicalModelSenologie.id","","","",0,1,"","","","string {[]} {[]}
","Unique id for inter-element referencing","Unique id for the element within a resource (for internal references). This may be any string value that does not contain spaces.","","","","","","","","","",,,,,"",,,,"Element.id",0,1,"","","n/a"
"LogicalModelSenologie.extension","LogicalModelSenologie.extension","","extensions
user content","",0,*,"","","","Extension {[]} {[]}
","Additional content defined by implementations","May be used to represent additional information that is not part of the basic definition of the element. To make the use of extensions safe and manageable, there is a strict set of governance  applied to the definition and use of extensions. Though any implementer can define an extension, there is a set of requirements that SHALL be met as part of the definition of the extension.","There can be no stigma associated with the use of extensions by any application, project, or standard - regardless of the institution or jurisdiction that uses or defines the extensions.  The use of extensions is what allows the FHIR specification to retain a core level of simplicity for everyone.","","","","","","","","",,,,,"","value:url}
","Extensions are always sliced by (at least) url",,"open","Element.extension",0,*,"","ele-1:All FHIR elements must have a @value or children {hasValue() or (children().count() > id.count())}
ext-1:Must have either extensions or value[x], not both {extension.exists() != value.exists()}","n/a"
"LogicalModelSenologie.Diagnose","LogicalModelSenologie.Diagnose","","","",0,*,"","","","BackboneElement {[]} {[]}
","Diagnose Mamma","Diagnose Mamma","","","","","","","","","",,,,,"",,,,"LogicalModelSenologie.Diagnose",0,*,"","ele-1:All FHIR elements must have a @value or children {hasValue() or (children().count() > id.count())}
","5 Diagnose","primaerfall.diagnose","Senologie_Diagnose (Condition)"
"LogicalModelSenologie.Diagnose.id","LogicalModelSenologie.Diagnose.id","","","",0,1,"","","","string {[]} {[]}
","Unique id for inter-element referencing","Unique id for the element within a resource (for internal references). This may be any string value that does not contain spaces.","","","","","","","","","",,,,,"",,,,"Element.id",0,1,"","","n/a"
"LogicalModelSenologie.Diagnose.extension","LogicalModelSenologie.Diagnose.extension","","extensions
user content","",0,*,"","","","Extension {[]} {[]}
","Additional content defined by implementations","May be used to represent additional information that is not part of the basic definition of the element. To make the use of extensions safe and manageable, there is a strict set of governance  applied to the definition and use of extensions. Though any implementer can define an extension, there is a set of requirements that SHALL be met as part of the definition of the extension.","There can be no stigma associated with the use of extensions by any application, project, or standard - regardless of the institution or jurisdiction that uses or defines the extensions.  The use of extensions is what allows the FHIR specification to retain a core level of simplicity for everyone.","","","","","","","","",,,,,"","value:url}
","Extensions are always sliced by (at least) url",,"open","Element.extension",0,*,"","ele-1:All FHIR elements must have a @value or children {hasValue() or (children().count() > id.count())}
ext-1:Must have either extensions or value[x], not both {extension.exists() != value.exists()}","n/a"
"LogicalModelSenologie.Diagnose.modifierExtension","LogicalModelSenologie.Diagnose.modifierExtension","","extensions
user contentmodifiers","",0,*,"","Y","Y","Extension {[]} {[]}
","Extensions that cannot be ignored even if unrecognized","May be used to represent additional information that is not part of the basic definition of the element and that modifies the understanding of the element in which it is contained and/or the understanding of the containing element's descendants. Usually modifier elements provide negation or qualification. To make the use of extensions safe and manageable, there is a strict set of governance applied to the definition and use of extensions. Though any implementer can define an extension, there is a set of requirements that SHALL be met as part of the definition of the extension. Applications processing a resource are required to check for modifier extensions.

Modifier extensions SHALL NOT change the meaning of any elements on Resource or DomainResource (including cannot change the meaning of modifierExtension itself).","There can be no stigma associated with the use of extensions by any application, project, or standard - regardless of the institution or jurisdiction that uses or defines the extensions.  The use of extensions is what allows the FHIR specification to retain a core level of simplicity for everyone.","Modifier extensions allow for extensions that *cannot* be safely ignored to be clearly distinguished from the vast majority of extensions which can be safely ignored.  This promotes interoperability by eliminating the need for implementers to prohibit the presence of extensions. For further information, see the [definition of modifier extensions](http://hl7.org/fhir/R4/extensibility.html#modifierExtension).","","","","","","","",,,,,"",,,,"BackboneElement.modifierExtension",0,*,"","ele-1:All FHIR elements must have a @value or children {hasValue() or (children().count() > id.count())}
ext-1:Must have either extensions or value[x], not both {extension.exists() != value.exists()}","N/A"
"LogicalModelSenologie.Diagnose.Falltyp","LogicalModelSenologie.Diagnose.Falltyp","","","",0,1,"","","","CodeableConcept {[]} {[]}
","Falltyp","Ersterkrankung, Rezidiv oder metastasierte Erkrankung","","","","","","","","","",,,,,"",,,,"LogicalModelSenologie.Diagnose.Falltyp",0,1,"",""
"LogicalModelSenologie.Diagnose.Diagnosekode","LogicalModelSenologie.Diagnose.Diagnosekode","","","",1,1,"","","","CodeableConcept {[]} {[]}
","Diagnose","SNOMED CT, ICD-10-GM, ICD-11 (Dual-Coding)","","","","","","","","","",,,,,"",,,,"LogicalModelSenologie.Diagnose.Diagnosekode",1,1,"","","5.1 Tumordiagnose ICD-10-GM","BRUST:DIAGICD","Diagnose_ICD_Code"
"LogicalModelSenologie.Diagnose.DiagnoseB3SubTyp","LogicalModelSenologie.Diagnose.DiagnoseB3SubTyp","","","",0,1,"","","","CodeableConcept {[]} {[]}
","B3-Subtyp","ADH, FEA, Papillom, LIN etc.","","","","","","","","","",,,,,"",,,,"LogicalModelSenologie.Diagnose.DiagnoseB3SubTyp",0,1,"","","Senologie_Diagnose_Benigne (Condition)"
"LogicalModelSenologie.Diagnose.Seite","LogicalModelSenologie.Diagnose.Seite","","","",0,1,"","","","CodeableConcept {[]} {[]}
","Seitenlokalisation","Rechts, Links, Beidseits","","","","","","","","","",,,,,"",,,,"LogicalModelSenologie.Diagnose.Seite",0,1,"","","5.8 Seitenlokalisation","BRUST:SEITE","Diagnose_Seite"
"LogicalModelSenologie.Diagnose.DatumErstdiagnose","LogicalModelSenologie.Diagnose.DatumErstdiagnose","","","",0,1,"","","","date {[]} {[]}
","Datum der Erstdiagnose","assertedDate der Diagnosestellung","","","","","","","","","",,,,,"",,,,"LogicalModelSenologie.Diagnose.DatumErstdiagnose",0,1,"","","5.6 Diagnosedatum","BRUST:DIAGDATUM","Diagnose_Datum"
"LogicalModelSenologie.Diagnose.Diagnosesicherung","LogicalModelSenologie.Diagnose.Diagnosesicherung","","","",0,1,"","","","CodeableConcept {[]} {[]}
","Diagnosesicherung","oBDS-konforme Diagnosesicherung","","","","","","","","","",,,,,"",,,,"LogicalModelSenologie.Diagnose.Diagnosesicherung",0,1,"","","5.7 Diagnosesicherung","Diagnose_Histo_Praeop"
"LogicalModelSenologie.Diagnose.Tumormanifestation","LogicalModelSenologie.Diagnose.Tumormanifestation","","","",0,*,"","","","CodeableConcept {[]} {[]}
","Tumormanifestation","Primärtumor, Rezidiv, LK-Metastase, Fernmetastase","","","","","","","","","",,,,,"",,,,"LogicalModelSenologie.Diagnose.Tumormanifestation",0,*,"","","5.9 Frühere Tumorerkrankungen"
"LogicalModelSenologie.Diagnose.Metastasierungsstadium","LogicalModelSenologie.Diagnose.Metastasierungsstadium","","","",0,1,"","","","CodeableConcept {[]} {[]}
","Metastasierungsstadium","cM0, cM1, pM1","","","","","","","","","",,,,,"",,,,"LogicalModelSenologie.Diagnose.Metastasierungsstadium",0,1,"","","cTNM_M"
"LogicalModelSenologie.Diagnose.Grad","LogicalModelSenologie.Diagnose.Grad","","","",0,1,"","","","CodeableConcept {[]} {[]}
","Grading","Differenzierungsgrad G1–G4","","","","","","","","","",,,,,"",,,,"LogicalModelSenologie.Diagnose.Grad",0,1,"","","6.1 Grading","Diagnose_Grading"
"LogicalModelSenologie.Tumorlokalisation","LogicalModelSenologie.Tumorlokalisation","","","",0,*,"","","","BackboneElement {[]} {[]}
","Tumorlokalisation","Tumorlokalisation","","","","","","","","","",,,,,"",,,,"LogicalModelSenologie.Tumorlokalisation",0,*,"","ele-1:All FHIR elements must have a @value or children {hasValue() or (children().count() > id.count())}
","Senologie_Tumorlokalisation (BodyStructure)"
"LogicalModelSenologie.Tumorlokalisation.id","LogicalModelSenologie.Tumorlokalisation.id","","","",0,1,"","","","string {[]} {[]}
","Unique id for inter-element referencing","Unique id for the element within a resource (for internal references). This may be any string value that does not contain spaces.","","","","","","","","","",,,,,"",,,,"Element.id",0,1,"","","n/a"
"LogicalModelSenologie.Tumorlokalisation.extension","LogicalModelSenologie.Tumorlokalisation.extension","","extensions
user content","",0,*,"","","","Extension {[]} {[]}
","Additional content defined by implementations","May be used to represent additional information that is not part of the basic definition of the element. To make the use of extensions safe and manageable, there is a strict set of governance  applied to the definition and use of extensions. Though any implementer can define an extension, there is a set of requirements that SHALL be met as part of the definition of the extension.","There can be no stigma associated with the use of extensions by any application, project, or standard - regardless of the institution or jurisdiction that uses or defines the extensions.  The use of extensions is what allows the FHIR specification to retain a core level of simplicity for everyone.","","","","","","","","",,,,,"","value:url}
","Extensions are always sliced by (at least) url",,"open","Element.extension",0,*,"","ele-1:All FHIR elements must have a @value or children {hasValue() or (children().count() > id.count())}
ext-1:Must have either extensions or value[x], not both {extension.exists() != value.exists()}","n/a"
"LogicalModelSenologie.Tumorlokalisation.modifierExtension","LogicalModelSenologie.Tumorlokalisation.modifierExtension","","extensions
user contentmodifiers","",0,*,"","Y","Y","Extension {[]} {[]}
","Extensions that cannot be ignored even if unrecognized","May be used to represent additional information that is not part of the basic definition of the element and that modifies the understanding of the element in which it is contained and/or the understanding of the containing element's descendants. Usually modifier elements provide negation or qualification. To make the use of extensions safe and manageable, there is a strict set of governance applied to the definition and use of extensions. Though any implementer can define an extension, there is a set of requirements that SHALL be met as part of the definition of the extension. Applications processing a resource are required to check for modifier extensions.

Modifier extensions SHALL NOT change the meaning of any elements on Resource or DomainResource (including cannot change the meaning of modifierExtension itself).","There can be no stigma associated with the use of extensions by any application, project, or standard - regardless of the institution or jurisdiction that uses or defines the extensions.  The use of extensions is what allows the FHIR specification to retain a core level of simplicity for everyone.","Modifier extensions allow for extensions that *cannot* be safely ignored to be clearly distinguished from the vast majority of extensions which can be safely ignored.  This promotes interoperability by eliminating the need for implementers to prohibit the presence of extensions. For further information, see the [definition of modifier extensions](http://hl7.org/fhir/R4/extensibility.html#modifierExtension).","","","","","","","",,,,,"",,,,"BackboneElement.modifierExtension",0,*,"","ele-1:All FHIR elements must have a @value or children {hasValue() or (children().count() > id.count())}
ext-1:Must have either extensions or value[x], not both {extension.exists() != value.exists()}","N/A"
"LogicalModelSenologie.Tumorlokalisation.Seite","LogicalModelSenologie.Tumorlokalisation.Seite","","","",1,1,"","","","CodeableConcept {[]} {[]}
","Seite","Links, Rechts, Beidseits","","","","","","","","","",,,,,"",,,,"LogicalModelSenologie.Tumorlokalisation.Seite",1,1,"","","5.8 Seitenlokalisation"
"LogicalModelSenologie.Tumorlokalisation.Quadrant","LogicalModelSenologie.Tumorlokalisation.Quadrant","","","",0,1,"","","","CodeableConcept {[]} {[]}
","Quadrant","Quadrant der Brust","","","","","","","","","",,,,,"",,,,"LogicalModelSenologie.Tumorlokalisation.Quadrant",0,1,"","","5.4 Topographie ICD-O (abgeleitet)"
"LogicalModelSenologie.Tumorlokalisation.Uhrzeitposition","LogicalModelSenologie.Tumorlokalisation.Uhrzeitposition","","","",0,1,"","","","CodeableConcept {[]} {[]}
","Uhrzeitposition","Uhrzeit-Lokalisation (12-Uhr-Schema)","","","","","","","","","",,,,,"",,,,"LogicalModelSenologie.Tumorlokalisation.Uhrzeitposition",0,1,"",""
"LogicalModelSenologie.Tumorlokalisation.Mamillenabstand","LogicalModelSenologie.Tumorlokalisation.Mamillenabstand","","","",0,1,"","","","string {[]} {[]}
","Mamillenabstand","Abstand zur Mamille in mm","","","","","","","","","",,,,,"",,,,"LogicalModelSenologie.Tumorlokalisation.Mamillenabstand",0,1,"",""
"LogicalModelSenologie.Vorstellung","LogicalModelSenologie.Vorstellung","","","",0,1,"","","","BackboneElement {[]} {[]}
","Vorstellungsgrund","Vorstellungsgrund","","","","","","","","","",,,,,"",,,,"LogicalModelSenologie.Vorstellung",0,1,"","ele-1:All FHIR elements must have a @value or children {hasValue() or (children().count() > id.count())}
"
"LogicalModelSenologie.Vorstellung.id","LogicalModelSenologie.Vorstellung.id","","","",0,1,"","","","string {[]} {[]}
","Unique id for inter-element referencing","Unique id for the element within a resource (for internal references). This may be any string value that does not contain spaces.","","","","","","","","","",,,,,"",,,,"Element.id",0,1,"","","n/a"
"LogicalModelSenologie.Vorstellung.extension","LogicalModelSenologie.Vorstellung.extension","","extensions
user content","",0,*,"","","","Extension {[]} {[]}
","Additional content defined by implementations","May be used to represent additional information that is not part of the basic definition of the element. To make the use of extensions safe and manageable, there is a strict set of governance  applied to the definition and use of extensions. Though any implementer can define an extension, there is a set of requirements that SHALL be met as part of the definition of the extension.","There can be no stigma associated with the use of extensions by any application, project, or standard - regardless of the institution or jurisdiction that uses or defines the extensions.  The use of extensions is what allows the FHIR specification to retain a core level of simplicity for everyone.","","","","","","","","",,,,,"","value:url}
","Extensions are always sliced by (at least) url",,"open","Element.extension",0,*,"","ele-1:All FHIR elements must have a @value or children {hasValue() or (children().count() > id.count())}
ext-1:Must have either extensions or value[x], not both {extension.exists() != value.exists()}","n/a"
"LogicalModelSenologie.Vorstellung.modifierExtension","LogicalModelSenologie.Vorstellung.modifierExtension","","extensions
user contentmodifiers","",0,*,"","Y","Y","Extension {[]} {[]}
","Extensions that cannot be ignored even if unrecognized","May be used to represent additional information that is not part of the basic definition of the element and that modifies the understanding of the element in which it is contained and/or the understanding of the containing element's descendants. Usually modifier elements provide negation or qualification. To make the use of extensions safe and manageable, there is a strict set of governance applied to the definition and use of extensions. Though any implementer can define an extension, there is a set of requirements that SHALL be met as part of the definition of the extension. Applications processing a resource are required to check for modifier extensions.

Modifier extensions SHALL NOT change the meaning of any elements on Resource or DomainResource (including cannot change the meaning of modifierExtension itself).","There can be no stigma associated with the use of extensions by any application, project, or standard - regardless of the institution or jurisdiction that uses or defines the extensions.  The use of extensions is what allows the FHIR specification to retain a core level of simplicity for everyone.","Modifier extensions allow for extensions that *cannot* be safely ignored to be clearly distinguished from the vast majority of extensions which can be safely ignored.  This promotes interoperability by eliminating the need for implementers to prohibit the presence of extensions. For further information, see the [definition of modifier extensions](http://hl7.org/fhir/R4/extensibility.html#modifierExtension).","","","","","","","",,,,,"",,,,"BackboneElement.modifierExtension",0,*,"","ele-1:All FHIR elements must have a @value or children {hasValue() or (children().count() > id.count())}
ext-1:Must have either extensions or value[x], not both {extension.exists() != value.exists()}","N/A"
"LogicalModelSenologie.Vorstellung.Typ","LogicalModelSenologie.Vorstellung.Typ","","","",0,1,"","","","CodeableConcept {[]} {[]}
","Art der Vorstellung","Erst- oder Verlaufsvorstellung","","","","","","","","","",,,,,"",,,,"LogicalModelSenologie.Vorstellung.Typ",0,1,"",""
"LogicalModelSenologie.Vorstellung.Erstvorstellung","LogicalModelSenologie.Vorstellung.Erstvorstellung","","","",0,1,"","","","date {[]} {[]}
","Datum der Erstvorstellung","Datum der Erstvorstellung","","","","","","","","","",,,,,"",,,,"LogicalModelSenologie.Vorstellung.Erstvorstellung",0,1,"",""
"LogicalModelSenologie.GynaekologischeAnamnese","LogicalModelSenologie.GynaekologischeAnamnese","","","",0,1,"","","","BackboneElement {[]} {[]}
","Gynäkologische Anamnese","Gynäkologische Anamnese","","","","","","","","","",,,,,"",,,,"LogicalModelSenologie.GynaekologischeAnamnese",0,1,"","ele-1:All FHIR elements must have a @value or children {hasValue() or (children().count() > id.count())}
","Senologie_Gynaekologische_Anamnese (Observation)"
"LogicalModelSenologie.GynaekologischeAnamnese.id","LogicalModelSenologie.GynaekologischeAnamnese.id","","","",0,1,"","","","string {[]} {[]}
","Unique id for inter-element referencing","Unique id for the element within a resource (for internal references). This may be any string value that does not contain spaces.","","","","","","","","","",,,,,"",,,,"Element.id",0,1,"","","n/a"
"LogicalModelSenologie.GynaekologischeAnamnese.extension","LogicalModelSenologie.GynaekologischeAnamnese.extension","","extensions
user content","",0,*,"","","","Extension {[]} {[]}
","Additional content defined by implementations","May be used to represent additional information that is not part of the basic definition of the element. To make the use of extensions safe and manageable, there is a strict set of governance  applied to the definition and use of extensions. Though any implementer can define an extension, there is a set of requirements that SHALL be met as part of the definition of the extension.","There can be no stigma associated with the use of extensions by any application, project, or standard - regardless of the institution or jurisdiction that uses or defines the extensions.  The use of extensions is what allows the FHIR specification to retain a core level of simplicity for everyone.","","","","","","","","",,,,,"","value:url}
","Extensions are always sliced by (at least) url",,"open","Element.extension",0,*,"","ele-1:All FHIR elements must have a @value or children {hasValue() or (children().count() > id.count())}
ext-1:Must have either extensions or value[x], not both {extension.exists() != value.exists()}","n/a"
"LogicalModelSenologie.GynaekologischeAnamnese.modifierExtension","LogicalModelSenologie.GynaekologischeAnamnese.modifierExtension","","extensions
user contentmodifiers","",0,*,"","Y","Y","Extension {[]} {[]}
","Extensions that cannot be ignored even if unrecognized","May be used to represent additional information that is not part of the basic definition of the element and that modifies the understanding of the element in which it is contained and/or the understanding of the containing element's descendants. Usually modifier elements provide negation or qualification. To make the use of extensions safe and manageable, there is a strict set of governance applied to the definition and use of extensions. Though any implementer can define an extension, there is a set of requirements that SHALL be met as part of the definition of the extension. Applications processing a resource are required to check for modifier extensions.

Modifier extensions SHALL NOT change the meaning of any elements on Resource or DomainResource (including cannot change the meaning of modifierExtension itself).","There can be no stigma associated with the use of extensions by any application, project, or standard - regardless of the institution or jurisdiction that uses or defines the extensions.  The use of extensions is what allows the FHIR specification to retain a core level of simplicity for everyone.","Modifier extensions allow for extensions that *cannot* be safely ignored to be clearly distinguished from the vast majority of extensions which can be safely ignored.  This promotes interoperability by eliminating the need for implementers to prohibit the presence of extensions. For further information, see the [definition of modifier extensions](http://hl7.org/fhir/R4/extensibility.html#modifierExtension).","","","","","","","",,,,,"",,,,"BackboneElement.modifierExtension",0,*,"","ele-1:All FHIR elements must have a @value or children {hasValue() or (children().count() > id.count())}
ext-1:Must have either extensions or value[x], not both {extension.exists() != value.exists()}","N/A"
"LogicalModelSenologie.GynaekologischeAnamnese.Menarche","LogicalModelSenologie.GynaekologischeAnamnese.Menarche","","","",0,1,"","","","Quantity {[]} {[]}
","Alter bei Menarche","Alter bei Menarche in Jahren","","","","","","","","","",,,,,"",,,,"LogicalModelSenologie.GynaekologischeAnamnese.Menarche",0,1,"",""
"LogicalModelSenologie.GynaekologischeAnamnese.Menopausenstatus","LogicalModelSenologie.GynaekologischeAnamnese.Menopausenstatus","","","",0,1,"","","","CodeableConcept {[]} {[]}
","Menopausenstatus","Prä-/peri-/postmenopausal","","","","","","","","","",,,,,"",,,,"LogicalModelSenologie.GynaekologischeAnamnese.Menopausenstatus",0,1,"",""
"LogicalModelSenologie.GynaekologischeAnamnese.Schwangerschaften","LogicalModelSenologie.GynaekologischeAnamnese.Schwangerschaften","","","",0,1,"","","","Quantity {[]} {[]}
","Anzahl Schwangerschaften","Gravida","","","","","","","","","",,,,,"",,,,"LogicalModelSenologie.GynaekologischeAnamnese.Schwangerschaften",0,1,"",""
"LogicalModelSenologie.GynaekologischeAnamnese.Hormonersatztherapie","LogicalModelSenologie.GynaekologischeAnamnese.Hormonersatztherapie","","","",0,1,"","","","CodeableConcept {[]} {[]}
","Hormonersatztherapie","HRT ja/nein","","","","","","","","","",,,,,"",,,,"LogicalModelSenologie.GynaekologischeAnamnese.Hormonersatztherapie",0,1,"",""
"LogicalModelSenologie.Familienanamnese","LogicalModelSenologie.Familienanamnese","","","",0,*,"","","","BackboneElement {[]} {[]}
","Familienanamnese","Familienanamnese","","","","","","","","","",,,,,"",,,,"LogicalModelSenologie.Familienanamnese",0,*,"","ele-1:All FHIR elements must have a @value or children {hasValue() or (children().count() > id.count())}
","Senologie_Familienanamnese (FamilyMemberHistory)"
"LogicalModelSenologie.Familienanamnese.id","LogicalModelSenologie.Familienanamnese.id","","","",0,1,"","","","string {[]} {[]}
","Unique id for inter-element referencing","Unique id for the element within a resource (for internal references). This may be any string value that does not contain spaces.","","","","","","","","","",,,,,"",,,,"Element.id",0,1,"","","n/a"
"LogicalModelSenologie.Familienanamnese.extension","LogicalModelSenologie.Familienanamnese.extension","","extensions
user content","",0,*,"","","","Extension {[]} {[]}
","Additional content defined by implementations","May be used to represent additional information that is not part of the basic definition of the element. To make the use of extensions safe and manageable, there is a strict set of governance  applied to the definition and use of extensions. Though any implementer can define an extension, there is a set of requirements that SHALL be met as part of the definition of the extension.","There can be no stigma associated with the use of extensions by any application, project, or standard - regardless of the institution or jurisdiction that uses or defines the extensions.  The use of extensions is what allows the FHIR specification to retain a core level of simplicity for everyone.","","","","","","","","",,,,,"","value:url}
","Extensions are always sliced by (at least) url",,"open","Element.extension",0,*,"","ele-1:All FHIR elements must have a @value or children {hasValue() or (children().count() > id.count())}
ext-1:Must have either extensions or value[x], not both {extension.exists() != value.exists()}","n/a"
"LogicalModelSenologie.Familienanamnese.modifierExtension","LogicalModelSenologie.Familienanamnese.modifierExtension","","extensions
user contentmodifiers","",0,*,"","Y","Y","Extension {[]} {[]}
","Extensions that cannot be ignored even if unrecognized","May be used to represent additional information that is not part of the basic definition of the element and that modifies the understanding of the element in which it is contained and/or the understanding of the containing element's descendants. Usually modifier elements provide negation or qualification. To make the use of extensions safe and manageable, there is a strict set of governance applied to the definition and use of extensions. Though any implementer can define an extension, there is a set of requirements that SHALL be met as part of the definition of the extension. Applications processing a resource are required to check for modifier extensions.

Modifier extensions SHALL NOT change the meaning of any elements on Resource or DomainResource (including cannot change the meaning of modifierExtension itself).","There can be no stigma associated with the use of extensions by any application, project, or standard - regardless of the institution or jurisdiction that uses or defines the extensions.  The use of extensions is what allows the FHIR specification to retain a core level of simplicity for everyone.","Modifier extensions allow for extensions that *cannot* be safely ignored to be clearly distinguished from the vast majority of extensions which can be safely ignored.  This promotes interoperability by eliminating the need for implementers to prohibit the presence of extensions. For further information, see the [definition of modifier extensions](http://hl7.org/fhir/R4/extensibility.html#modifierExtension).","","","","","","","",,,,,"",,,,"BackboneElement.modifierExtension",0,*,"","ele-1:All FHIR elements must have a @value or children {hasValue() or (children().count() > id.count())}
ext-1:Must have either extensions or value[x], not both {extension.exists() != value.exists()}","N/A"
"LogicalModelSenologie.Familienanamnese.Verwandtschaftsgrad","LogicalModelSenologie.Familienanamnese.Verwandtschaftsgrad","","","",1,1,"","","","CodeableConcept {[]} {[]}
","Verwandtschaftsgrad","Mutter, Schwester, Tante, etc.","","","","","","","","","",,,,,"",,,,"LogicalModelSenologie.Familienanamnese.Verwandtschaftsgrad",1,1,"",""
"LogicalModelSenologie.Familienanamnese.Mammakarzinom","LogicalModelSenologie.Familienanamnese.Mammakarzinom","","","",0,1,"","","","BackboneElement {[]} {[]}
","Mammakarzinom","Mammakarzinom in der Familie","","","","","","","","","",,,,,"",,,,"LogicalModelSenologie.Familienanamnese.Mammakarzinom",0,1,"","ele-1:All FHIR elements must have a @value or children {hasValue() or (children().count() > id.count())}
"
"LogicalModelSenologie.Familienanamnese.Mammakarzinom.id","LogicalModelSenologie.Familienanamnese.Mammakarzinom.id","","","",0,1,"","","","string {[]} {[]}
","Unique id for inter-element referencing","Unique id for the element within a resource (for internal references). This may be any string value that does not contain spaces.","","","","","","","","","",,,,,"",,,,"Element.id",0,1,"","","n/a"
"LogicalModelSenologie.Familienanamnese.Mammakarzinom.extension","LogicalModelSenologie.Familienanamnese.Mammakarzinom.extension","","extensions
user content","",0,*,"","","","Extension {[]} {[]}
","Additional content defined by implementations","May be used to represent additional information that is not part of the basic definition of the element. To make the use of extensions safe and manageable, there is a strict set of governance  applied to the definition and use of extensions. Though any implementer can define an extension, there is a set of requirements that SHALL be met as part of the definition of the extension.","There can be no stigma associated with the use of extensions by any application, project, or standard - regardless of the institution or jurisdiction that uses or defines the extensions.  The use of extensions is what allows the FHIR specification to retain a core level of simplicity for everyone.","","","","","","","","",,,,,"","value:url}
","Extensions are always sliced by (at least) url",,"open","Element.extension",0,*,"","ele-1:All FHIR elements must have a @value or children {hasValue() or (children().count() > id.count())}
ext-1:Must have either extensions or value[x], not both {extension.exists() != value.exists()}","n/a"
"LogicalModelSenologie.Familienanamnese.Mammakarzinom.modifierExtension","LogicalModelSenologie.Familienanamnese.Mammakarzinom.modifierExtension","","extensions
user contentmodifiers","",0,*,"","Y","Y","Extension {[]} {[]}
","Extensions that cannot be ignored even if unrecognized","May be used to represent additional information that is not part of the basic definition of the element and that modifies the understanding of the element in which it is contained and/or the understanding of the containing element's descendants. Usually modifier elements provide negation or qualification. To make the use of extensions safe and manageable, there is a strict set of governance applied to the definition and use of extensions. Though any implementer can define an extension, there is a set of requirements that SHALL be met as part of the definition of the extension. Applications processing a resource are required to check for modifier extensions.

Modifier extensions SHALL NOT change the meaning of any elements on Resource or DomainResource (including cannot change the meaning of modifierExtension itself).","There can be no stigma associated with the use of extensions by any application, project, or standard - regardless of the institution or jurisdiction that uses or defines the extensions.  The use of extensions is what allows the FHIR specification to retain a core level of simplicity for everyone.","Modifier extensions allow for extensions that *cannot* be safely ignored to be clearly distinguished from the vast majority of extensions which can be safely ignored.  This promotes interoperability by eliminating the need for implementers to prohibit the presence of extensions. For further information, see the [definition of modifier extensions](http://hl7.org/fhir/R4/extensibility.html#modifierExtension).","","","","","","","",,,,,"",,,,"BackboneElement.modifierExtension",0,*,"","ele-1:All FHIR elements must have a @value or children {hasValue() or (children().count() > id.count())}
ext-1:Must have either extensions or value[x], not both {extension.exists() != value.exists()}","N/A"
"LogicalModelSenologie.Familienanamnese.Mammakarzinom.Erkrankungsalter","LogicalModelSenologie.Familienanamnese.Mammakarzinom.Erkrankungsalter","","","",0,1,"","","","Quantity {[]} {[]}
","Erkrankungsalter","Alter bei Erkrankung","","","","","","","","","",,,,,"",,,,"LogicalModelSenologie.Familienanamnese.Mammakarzinom.Erkrankungsalter",0,1,"",""
"LogicalModelSenologie.Familienanamnese.Ovarialkarzinom","LogicalModelSenologie.Familienanamnese.Ovarialkarzinom","","","",0,1,"","","","BackboneElement {[]} {[]}
","Ovarialkarzinom","Ovarialkarzinom in der Familie","","","","","","","","","",,,,,"",,,,"LogicalModelSenologie.Familienanamnese.Ovarialkarzinom",0,1,"","ele-1:All FHIR elements must have a @value or children {hasValue() or (children().count() > id.count())}
"
"LogicalModelSenologie.Familienanamnese.Ovarialkarzinom.id","LogicalModelSenologie.Familienanamnese.Ovarialkarzinom.id","","","",0,1,"","","","string {[]} {[]}
","Unique id for inter-element referencing","Unique id for the element within a resource (for internal references). This may be any string value that does not contain spaces.","","","","","","","","","",,,,,"",,,,"Element.id",0,1,"","","n/a"
"LogicalModelSenologie.Familienanamnese.Ovarialkarzinom.extension","LogicalModelSenologie.Familienanamnese.Ovarialkarzinom.extension","","extensions
user content","",0,*,"","","","Extension {[]} {[]}
","Additional content defined by implementations","May be used to represent additional information that is not part of the basic definition of the element. To make the use of extensions safe and manageable, there is a strict set of governance  applied to the definition and use of extensions. Though any implementer can define an extension, there is a set of requirements that SHALL be met as part of the definition of the extension.","There can be no stigma associated with the use of extensions by any application, project, or standard - regardless of the institution or jurisdiction that uses or defines the extensions.  The use of extensions is what allows the FHIR specification to retain a core level of simplicity for everyone.","","","","","","","","",,,,,"","value:url}
","Extensions are always sliced by (at least) url",,"open","Element.extension",0,*,"","ele-1:All FHIR elements must have a @value or children {hasValue() or (children().count() > id.count())}
ext-1:Must have either extensions or value[x], not both {extension.exists() != value.exists()}","n/a"
"LogicalModelSenologie.Familienanamnese.Ovarialkarzinom.modifierExtension","LogicalModelSenologie.Familienanamnese.Ovarialkarzinom.modifierExtension","","extensions
user contentmodifiers","",0,*,"","Y","Y","Extension {[]} {[]}
","Extensions that cannot be ignored even if unrecognized","May be used to represent additional information that is not part of the basic definition of the element and that modifies the understanding of the element in which it is contained and/or the understanding of the containing element's descendants. Usually modifier elements provide negation or qualification. To make the use of extensions safe and manageable, there is a strict set of governance applied to the definition and use of extensions. Though any implementer can define an extension, there is a set of requirements that SHALL be met as part of the definition of the extension. Applications processing a resource are required to check for modifier extensions.

Modifier extensions SHALL NOT change the meaning of any elements on Resource or DomainResource (including cannot change the meaning of modifierExtension itself).","There can be no stigma associated with the use of extensions by any application, project, or standard - regardless of the institution or jurisdiction that uses or defines the extensions.  The use of extensions is what allows the FHIR specification to retain a core level of simplicity for everyone.","Modifier extensions allow for extensions that *cannot* be safely ignored to be clearly distinguished from the vast majority of extensions which can be safely ignored.  This promotes interoperability by eliminating the need for implementers to prohibit the presence of extensions. For further information, see the [definition of modifier extensions](http://hl7.org/fhir/R4/extensibility.html#modifierExtension).","","","","","","","",,,,,"",,,,"BackboneElement.modifierExtension",0,*,"","ele-1:All FHIR elements must have a @value or children {hasValue() or (children().count() > id.count())}
ext-1:Must have either extensions or value[x], not both {extension.exists() != value.exists()}","N/A"
"LogicalModelSenologie.Familienanamnese.Ovarialkarzinom.Erkrankungsalter","LogicalModelSenologie.Familienanamnese.Ovarialkarzinom.Erkrankungsalter","","","",0,1,"","","","Quantity {[]} {[]}
","Erkrankungsalter","Alter bei Erkrankung","","","","","","","","","",,,,,"",,,,"LogicalModelSenologie.Familienanamnese.Ovarialkarzinom.Erkrankungsalter",0,1,"",""
"LogicalModelSenologie.ChecklisteErblicheBelastung","LogicalModelSenologie.ChecklisteErblicheBelastung","","","",0,1,"","","","BackboneElement {[]} {[]}
","Checkliste Erbliche Belastung","Checkliste Erbliche Belastung","","","","","","","","","",,,,,"",,,,"LogicalModelSenologie.ChecklisteErblicheBelastung",0,1,"","ele-1:All FHIR elements must have a @value or children {hasValue() or (children().count() > id.count())}
","Senologie_Checkliste_Erbliche_Belastung (Observation)"
"LogicalModelSenologie.ChecklisteErblicheBelastung.id","LogicalModelSenologie.ChecklisteErblicheBelastung.id","","","",0,1,"","","","string {[]} {[]}
","Unique id for inter-element referencing","Unique id for the element within a resource (for internal references). This may be any string value that does not contain spaces.","","","","","","","","","",,,,,"",,,,"Element.id",0,1,"","","n/a"
"LogicalModelSenologie.ChecklisteErblicheBelastung.extension","LogicalModelSenologie.ChecklisteErblicheBelastung.extension","","extensions
user content","",0,*,"","","","Extension {[]} {[]}
","Additional content defined by implementations","May be used to represent additional information that is not part of the basic definition of the element. To make the use of extensions safe and manageable, there is a strict set of governance  applied to the definition and use of extensions. Though any implementer can define an extension, there is a set of requirements that SHALL be met as part of the definition of the extension.","There can be no stigma associated with the use of extensions by any application, project, or standard - regardless of the institution or jurisdiction that uses or defines the extensions.  The use of extensions is what allows the FHIR specification to retain a core level of simplicity for everyone.","","","","","","","","",,,,,"","value:url}
","Extensions are always sliced by (at least) url",,"open","Element.extension",0,*,"","ele-1:All FHIR elements must have a @value or children {hasValue() or (children().count() > id.count())}
ext-1:Must have either extensions or value[x], not both {extension.exists() != value.exists()}","n/a"
"LogicalModelSenologie.ChecklisteErblicheBelastung.modifierExtension","LogicalModelSenologie.ChecklisteErblicheBelastung.modifierExtension","","extensions
user contentmodifiers","",0,*,"","Y","Y","Extension {[]} {[]}
","Extensions that cannot be ignored even if unrecognized","May be used to represent additional information that is not part of the basic definition of the element and that modifies the understanding of the element in which it is contained and/or the understanding of the containing element's descendants. Usually modifier elements provide negation or qualification. To make the use of extensions safe and manageable, there is a strict set of governance applied to the definition and use of extensions. Though any implementer can define an extension, there is a set of requirements that SHALL be met as part of the definition of the extension. Applications processing a resource are required to check for modifier extensions.

Modifier extensions SHALL NOT change the meaning of any elements on Resource or DomainResource (including cannot change the meaning of modifierExtension itself).","There can be no stigma associated with the use of extensions by any application, project, or standard - regardless of the institution or jurisdiction that uses or defines the extensions.  The use of extensions is what allows the FHIR specification to retain a core level of simplicity for everyone.","Modifier extensions allow for extensions that *cannot* be safely ignored to be clearly distinguished from the vast majority of extensions which can be safely ignored.  This promotes interoperability by eliminating the need for implementers to prohibit the presence of extensions. For further information, see the [definition of modifier extensions](http://hl7.org/fhir/R4/extensibility.html#modifierExtension).","","","","","","","",,,,,"",,,,"BackboneElement.modifierExtension",0,*,"","ele-1:All FHIR elements must have a @value or children {hasValue() or (children().count() > id.count())}
ext-1:Must have either extensions or value[x], not both {extension.exists() != value.exists()}","N/A"
"LogicalModelSenologie.ChecklisteErblicheBelastung.Durchgefuehrt","LogicalModelSenologie.ChecklisteErblicheBelastung.Durchgefuehrt","","","",0,1,"","","","boolean {[]} {[]}
","Durchgeführt","Checkliste durchgeführt ja/nein","","","","","","","","","",,,,,"",,,,"LogicalModelSenologie.ChecklisteErblicheBelastung.Durchgefuehrt",0,1,"",""
"LogicalModelSenologie.ChecklisteErblicheBelastung.Score","LogicalModelSenologie.ChecklisteErblicheBelastung.Score","","","",0,1,"","","","integer {[]} {[]}
","Score","Punktwert der Checkliste","","","","","","","","","",,,,,"",,,,"LogicalModelSenologie.ChecklisteErblicheBelastung.Score",0,1,"",""
"LogicalModelSenologie.KlinischeUntersuchung","LogicalModelSenologie.KlinischeUntersuchung","","","",0,*,"","","","BackboneElement {[]} {[]}
","Klinische Untersuchung","Klinische Untersuchung","","","","","","","","","",,,,,"",,,,"LogicalModelSenologie.KlinischeUntersuchung",0,*,"","ele-1:All FHIR elements must have a @value or children {hasValue() or (children().count() > id.count())}
","Senologie_Klinische_Untersuchung (Observation)"
"LogicalModelSenologie.KlinischeUntersuchung.id","LogicalModelSenologie.KlinischeUntersuchung.id","","","",0,1,"","","","string {[]} {[]}
","Unique id for inter-element referencing","Unique id for the element within a resource (for internal references). This may be any string value that does not contain spaces.","","","","","","","","","",,,,,"",,,,"Element.id",0,1,"","","n/a"
"LogicalModelSenologie.KlinischeUntersuchung.extension","LogicalModelSenologie.KlinischeUntersuchung.extension","","extensions
user content","",0,*,"","","","Extension {[]} {[]}
","Additional content defined by implementations","May be used to represent additional information that is not part of the basic definition of the element. To make the use of extensions safe and manageable, there is a strict set of governance  applied to the definition and use of extensions. Though any implementer can define an extension, there is a set of requirements that SHALL be met as part of the definition of the extension.","There can be no stigma associated with the use of extensions by any application, project, or standard - regardless of the institution or jurisdiction that uses or defines the extensions.  The use of extensions is what allows the FHIR specification to retain a core level of simplicity for everyone.","","","","","","","","",,,,,"","value:url}
","Extensions are always sliced by (at least) url",,"open","Element.extension",0,*,"","ele-1:All FHIR elements must have a @value or children {hasValue() or (children().count() > id.count())}
ext-1:Must have either extensions or value[x], not both {extension.exists() != value.exists()}","n/a"
"LogicalModelSenologie.KlinischeUntersuchung.modifierExtension","LogicalModelSenologie.KlinischeUntersuchung.modifierExtension","","extensions
user contentmodifiers","",0,*,"","Y","Y","Extension {[]} {[]}
","Extensions that cannot be ignored even if unrecognized","May be used to represent additional information that is not part of the basic definition of the element and that modifies the understanding of the element in which it is contained and/or the understanding of the containing element's descendants. Usually modifier elements provide negation or qualification. To make the use of extensions safe and manageable, there is a strict set of governance applied to the definition and use of extensions. Though any implementer can define an extension, there is a set of requirements that SHALL be met as part of the definition of the extension. Applications processing a resource are required to check for modifier extensions.

Modifier extensions SHALL NOT change the meaning of any elements on Resource or DomainResource (including cannot change the meaning of modifierExtension itself).","There can be no stigma associated with the use of extensions by any application, project, or standard - regardless of the institution or jurisdiction that uses or defines the extensions.  The use of extensions is what allows the FHIR specification to retain a core level of simplicity for everyone.","Modifier extensions allow for extensions that *cannot* be safely ignored to be clearly distinguished from the vast majority of extensions which can be safely ignored.  This promotes interoperability by eliminating the need for implementers to prohibit the presence of extensions. For further information, see the [definition of modifier extensions](http://hl7.org/fhir/R4/extensibility.html#modifierExtension).","","","","","","","",,,,,"",,,,"BackboneElement.modifierExtension",0,*,"","ele-1:All FHIR elements must have a @value or children {hasValue() or (children().count() > id.count())}
ext-1:Must have either extensions or value[x], not both {extension.exists() != value.exists()}","N/A"
"LogicalModelSenologie.KlinischeUntersuchung.Datum","LogicalModelSenologie.KlinischeUntersuchung.Datum","","","",0,1,"","","","dateTime {[]} {[]}
","Untersuchungsdatum","Datum der klinischen Untersuchung","","","","","","","","","",,,,,"",,,,"LogicalModelSenologie.KlinischeUntersuchung.Datum",0,1,"",""
"LogicalModelSenologie.KlinischeUntersuchung.Seite","LogicalModelSenologie.KlinischeUntersuchung.Seite","","","",0,1,"","","","CodeableConcept {[]} {[]}
","Seite","Links/Rechts","","","","","","","","","",,,,,"",,,,"LogicalModelSenologie.KlinischeUntersuchung.Seite",0,1,"",""
"LogicalModelSenologie.KlinischeUntersuchung.Palpationsbefund","LogicalModelSenologie.KlinischeUntersuchung.Palpationsbefund","","","",0,1,"","","","CodeableConcept {[]} {[]}
","Palpationsbefund","Befund bei Tastuntersuchung","","","","","","","","","",,,,,"",,,,"LogicalModelSenologie.KlinischeUntersuchung.Palpationsbefund",0,1,"",""
"LogicalModelSenologie.KlinischeUntersuchung.Hautveraenderungen","LogicalModelSenologie.KlinischeUntersuchung.Hautveraenderungen","","","",0,1,"","","","CodeableConcept {[]} {[]}
","Hautveränderungen","Einziehung, Rötung, Peau d'orange","","","","","","","","","",,,,,"",,,,"LogicalModelSenologie.KlinischeUntersuchung.Hautveraenderungen",0,1,"",""
"LogicalModelSenologie.KlinischeUntersuchung.Mamillenbefund","LogicalModelSenologie.KlinischeUntersuchung.Mamillenbefund","","","",0,1,"","","","CodeableConcept {[]} {[]}
","Mamillenbefund","Sekretion, Einziehung","","","","","","","","","",,,,,"",,,,"LogicalModelSenologie.KlinischeUntersuchung.Mamillenbefund",0,1,"",""
"LogicalModelSenologie.KlinischeUntersuchung.Lymphknotenstatus","LogicalModelSenologie.KlinischeUntersuchung.Lymphknotenstatus","","","",0,1,"","","","CodeableConcept {[]} {[]}
","Lymphknotenstatus","Klinischer Lymphknotenbefund","","","","","","","","","",,,,,"",,,,"LogicalModelSenologie.KlinischeUntersuchung.Lymphknotenstatus",0,1,"",""
"LogicalModelSenologie.KlinischeUntersuchung.KlinischeTumorformel","LogicalModelSenologie.KlinischeUntersuchung.KlinischeTumorformel","","","",0,1,"","","","BackboneElement {[]} {[]}
","Klinische Tumorformel (cTNM)","Klinische TNM-Klassifikation aus körperlicher Untersuchung und Bildgebung","","","","","","","","","",,,,,"",,,,"LogicalModelSenologie.KlinischeUntersuchung.KlinischeTumorformel",0,1,"","ele-1:All FHIR elements must have a @value or children {hasValue() or (children().count() > id.count())}
","MII_PR_Onko_TNM_Klassifikation (Observation)"
"LogicalModelSenologie.KlinischeUntersuchung.KlinischeTumorformel.id","LogicalModelSenologie.KlinischeUntersuchung.KlinischeTumorformel.id","","","",0,1,"","","","string {[]} {[]}
","Unique id for inter-element referencing","Unique id for the element within a resource (for internal references). This may be any string value that does not contain spaces.","","","","","","","","","",,,,,"",,,,"Element.id",0,1,"","","n/a"
"LogicalModelSenologie.KlinischeUntersuchung.KlinischeTumorformel.extension","LogicalModelSenologie.KlinischeUntersuchung.KlinischeTumorformel.extension","","extensions
user content","",0,*,"","","","Extension {[]} {[]}
","Additional content defined by implementations","May be used to represent additional information that is not part of the basic definition of the element. To make the use of extensions safe and manageable, there is a strict set of governance  applied to the definition and use of extensions. Though any implementer can define an extension, there is a set of requirements that SHALL be met as part of the definition of the extension.","There can be no stigma associated with the use of extensions by any application, project, or standard - regardless of the institution or jurisdiction that uses or defines the extensions.  The use of extensions is what allows the FHIR specification to retain a core level of simplicity for everyone.","","","","","","","","",,,,,"","value:url}
","Extensions are always sliced by (at least) url",,"open","Element.extension",0,*,"","ele-1:All FHIR elements must have a @value or children {hasValue() or (children().count() > id.count())}
ext-1:Must have either extensions or value[x], not both {extension.exists() != value.exists()}","n/a"
"LogicalModelSenologie.KlinischeUntersuchung.KlinischeTumorformel.modifierExtension","LogicalModelSenologie.KlinischeUntersuchung.KlinischeTumorformel.modifierExtension","","extensions
user contentmodifiers","",0,*,"","Y","Y","Extension {[]} {[]}
","Extensions that cannot be ignored even if unrecognized","May be used to represent additional information that is not part of the basic definition of the element and that modifies the understanding of the element in which it is contained and/or the understanding of the containing element's descendants. Usually modifier elements provide negation or qualification. To make the use of extensions safe and manageable, there is a strict set of governance applied to the definition and use of extensions. Though any implementer can define an extension, there is a set of requirements that SHALL be met as part of the definition of the extension. Applications processing a resource are required to check for modifier extensions.

Modifier extensions SHALL NOT change the meaning of any elements on Resource or DomainResource (including cannot change the meaning of modifierExtension itself).","There can be no stigma associated with the use of extensions by any application, project, or standard - regardless of the institution or jurisdiction that uses or defines the extensions.  The use of extensions is what allows the FHIR specification to retain a core level of simplicity for everyone.","Modifier extensions allow for extensions that *cannot* be safely ignored to be clearly distinguished from the vast majority of extensions which can be safely ignored.  This promotes interoperability by eliminating the need for implementers to prohibit the presence of extensions. For further information, see the [definition of modifier extensions](http://hl7.org/fhir/R4/extensibility.html#modifierExtension).","","","","","","","",,,,,"",,,,"BackboneElement.modifierExtension",0,*,"","ele-1:All FHIR elements must have a @value or children {hasValue() or (children().count() > id.count())}
ext-1:Must have either extensions or value[x], not both {extension.exists() != value.exists()}","N/A"
"LogicalModelSenologie.KlinischeUntersuchung.KlinischeTumorformel.cT","LogicalModelSenologie.KlinischeUntersuchung.KlinischeTumorformel.cT","","","",0,1,"","","","CodeableConcept {[]} {[]}
","cT","Klinische T-Kategorie (x, 0, is, 1a/b/c, 2, 3, 4a/b/c/d)","","","","","","","","","",,,,,"",,,,"LogicalModelSenologie.KlinischeUntersuchung.KlinischeTumorformel.cT",0,1,"","","7.1 TNM cT","BRUST:CT","cTNM_T"
"LogicalModelSenologie.KlinischeUntersuchung.KlinischeTumorformel.cN","LogicalModelSenologie.KlinischeUntersuchung.KlinischeTumorformel.cN","","","",0,1,"","","","CodeableConcept {[]} {[]}
","cN","Klinische N-Kategorie (x, 0, 1, 2a/b, 3a/b/c)","","","","","","","","","",,,,,"",,,,"LogicalModelSenologie.KlinischeUntersuchung.KlinischeTumorformel.cN",0,1,"","","7.2 TNM cN","BRUST:CN","cTNM_N"
"LogicalModelSenologie.KlinischeUntersuchung.KlinischeTumorformel.cM","LogicalModelSenologie.KlinischeUntersuchung.KlinischeTumorformel.cM","","","",0,1,"","","","CodeableConcept {[]} {[]}
","cM","Klinische M-Kategorie (0, 1)","","","","","","","","","",,,,,"",,,,"LogicalModelSenologie.KlinischeUntersuchung.KlinischeTumorformel.cM",0,1,"","","7.3 TNM cM","BRUST:CM","cTNM_M"
"LogicalModelSenologie.KlinischeUntersuchung.KlinischeTumorformel.cUICC","LogicalModelSenologie.KlinischeUntersuchung.KlinischeTumorformel.cUICC","","","",0,1,"","","","CodeableConcept {[]} {[]}
","cUICC-Stadium","Klinisches UICC-Stadium","","","","","","","","","",,,,,"",,,,"LogicalModelSenologie.KlinischeUntersuchung.KlinischeTumorformel.cUICC",0,1,"","","7.6 TNM UICC-Stadium (klinisch)"
"LogicalModelSenologie.KlinischeUntersuchung.KlinischeTumorformel.y","LogicalModelSenologie.KlinischeUntersuchung.KlinischeTumorformel.y","","","",0,1,"","","","boolean {[]} {[]}
","y-Präfix","Befund nach neoadjuvanter Therapie","","","","","","","","","",,,,,"",,,,"LogicalModelSenologie.KlinischeUntersuchung.KlinischeTumorformel.y",0,1,"",""
"LogicalModelSenologie.KlinischeUntersuchung.KlinischeTumorformel.r","LogicalModelSenologie.KlinischeUntersuchung.KlinischeTumorformel.r","","","",0,1,"","","","boolean {[]} {[]}
","r-Präfix","Rezidiv-Befund","","","","","","","","","",,,,,"",,,,"LogicalModelSenologie.KlinischeUntersuchung.KlinischeTumorformel.r",0,1,"",""
"LogicalModelSenologie.BildgebungMamma","LogicalModelSenologie.BildgebungMamma","","","",0,*,"","","","BackboneElement {[]} {[]}
","Bildgebung Mamma","Bildgebung Mamma","","","","","","","","","",,,,,"",,,,"LogicalModelSenologie.BildgebungMamma",0,*,"","ele-1:All FHIR elements must have a @value or children {hasValue() or (children().count() > id.count())}
","Senologie_Bildgebung_Befund (DiagnosticReport) + Senologie_Bildgebung_Observation"
"LogicalModelSenologie.BildgebungMamma.id","LogicalModelSenologie.BildgebungMamma.id","","","",0,1,"","","","string {[]} {[]}
","Unique id for inter-element referencing","Unique id for the element within a resource (for internal references). This may be any string value that does not contain spaces.","","","","","","","","","",,,,,"",,,,"Element.id",0,1,"","","n/a"
"LogicalModelSenologie.BildgebungMamma.extension","LogicalModelSenologie.BildgebungMamma.extension","","extensions
user content","",0,*,"","","","Extension {[]} {[]}
","Additional content defined by implementations","May be used to represent additional information that is not part of the basic definition of the element. To make the use of extensions safe and manageable, there is a strict set of governance  applied to the definition and use of extensions. Though any implementer can define an extension, there is a set of requirements that SHALL be met as part of the definition of the extension.","There can be no stigma associated with the use of extensions by any application, project, or standard - regardless of the institution or jurisdiction that uses or defines the extensions.  The use of extensions is what allows the FHIR specification to retain a core level of simplicity for everyone.","","","","","","","","",,,,,"","value:url}
","Extensions are always sliced by (at least) url",,"open","Element.extension",0,*,"","ele-1:All FHIR elements must have a @value or children {hasValue() or (children().count() > id.count())}
ext-1:Must have either extensions or value[x], not both {extension.exists() != value.exists()}","n/a"
"LogicalModelSenologie.BildgebungMamma.modifierExtension","LogicalModelSenologie.BildgebungMamma.modifierExtension","","extensions
user contentmodifiers","",0,*,"","Y","Y","Extension {[]} {[]}
","Extensions that cannot be ignored even if unrecognized","May be used to represent additional information that is not part of the basic definition of the element and that modifies the understanding of the element in which it is contained and/or the understanding of the containing element's descendants. Usually modifier elements provide negation or qualification. To make the use of extensions safe and manageable, there is a strict set of governance applied to the definition and use of extensions. Though any implementer can define an extension, there is a set of requirements that SHALL be met as part of the definition of the extension. Applications processing a resource are required to check for modifier extensions.

Modifier extensions SHALL NOT change the meaning of any elements on Resource or DomainResource (including cannot change the meaning of modifierExtension itself).","There can be no stigma associated with the use of extensions by any application, project, or standard - regardless of the institution or jurisdiction that uses or defines the extensions.  The use of extensions is what allows the FHIR specification to retain a core level of simplicity for everyone.","Modifier extensions allow for extensions that *cannot* be safely ignored to be clearly distinguished from the vast majority of extensions which can be safely ignored.  This promotes interoperability by eliminating the need for implementers to prohibit the presence of extensions. For further information, see the [definition of modifier extensions](http://hl7.org/fhir/R4/extensibility.html#modifierExtension).","","","","","","","",,,,,"",,,,"BackboneElement.modifierExtension",0,*,"","ele-1:All FHIR elements must have a @value or children {hasValue() or (children().count() > id.count())}
ext-1:Must have either extensions or value[x], not both {extension.exists() != value.exists()}","N/A"
"LogicalModelSenologie.BildgebungMamma.Datum","LogicalModelSenologie.BildgebungMamma.Datum","","","",0,1,"","","","dateTime {[]} {[]}
","Untersuchungsdatum","Datum der Bildgebung","","","","","","","","","",,,,,"",,,,"LogicalModelSenologie.BildgebungMamma.Datum",0,1,"",""
"LogicalModelSenologie.BildgebungMamma.Art","LogicalModelSenologie.BildgebungMamma.Art","","","",1,1,"","","","CodeableConcept {[]} {[]}
","Art der Bildgebung","Mammografie, Sonografie, MRT, Tomosynthese","","","","","","","","","",,,,,"",,,,"LogicalModelSenologie.BildgebungMamma.Art",1,1,"","","BRUST:BILDGMETHODE","Bildgebung_Methode"
"LogicalModelSenologie.BildgebungMamma.Standort","LogicalModelSenologie.BildgebungMamma.Standort","","","",0,1,"","","","string {[]} {[]}
","Untersuchungsstandort","Standort der Untersuchung","","","","","","","","","",,,,,"",,,,"LogicalModelSenologie.BildgebungMamma.Standort",0,1,"",""
"LogicalModelSenologie.BildgebungMamma.BIRADS","LogicalModelSenologie.BildgebungMamma.BIRADS","","","",0,1,"","","","CodeableConcept {[]} {[]}
","BI-RADS","BI-RADS Kategorie 0–6","","","","","","","","","",,,,,"",,,,"LogicalModelSenologie.BildgebungMamma.BIRADS",0,1,"","","BRUST:BIRADS","Bildgebung_BIRADS"
"LogicalModelSenologie.BildgebungMamma.ACRDichte","LogicalModelSenologie.BildgebungMamma.ACRDichte","","","",0,1,"","","","CodeableConcept {[]} {[]}
","ACR-Dichte","ACR-Dichtegrad a–d","","","","","","","","","",,,,,"",,,,"LogicalModelSenologie.BildgebungMamma.ACRDichte",0,1,"",""
"LogicalModelSenologie.BildgebungMamma.Herdbefund","LogicalModelSenologie.BildgebungMamma.Herdbefund","","","",0,1,"","","","CodeableConcept {[]} {[]}
","Herdbefund","Beschreibung des Herdbefunds","","","","","","","","","",,,,,"",,,,"LogicalModelSenologie.BildgebungMamma.Herdbefund",0,1,"",""
"LogicalModelSenologie.BildgebungMamma.Mikrokalk","LogicalModelSenologie.BildgebungMamma.Mikrokalk","","","",0,1,"","","","CodeableConcept {[]} {[]}
","Mikrokalk","Mikrokalkbefund","","","","","","","","","",,,,,"",,,,"LogicalModelSenologie.BildgebungMamma.Mikrokalk",0,1,"",""
"LogicalModelSenologie.BildgebungMamma.LymphknotenBildgebung","LogicalModelSenologie.BildgebungMamma.LymphknotenBildgebung","","","",0,1,"","","","CodeableConcept {[]} {[]}
","Lymphknotenstatus","Bildgebender Lymphknotenbefund","","","","","","","","","",,,,,"",,,,"LogicalModelSenologie.BildgebungMamma.LymphknotenBildgebung",0,1,"",""
"LogicalModelSenologie.BildgebungMamma.Befundtext","LogicalModelSenologie.BildgebungMamma.Befundtext","","","",0,1,"","","","string {[]} {[]}
","Befundtext","Gesamtzusammenfassung","","","","","","","","","",,,,,"",,,,"LogicalModelSenologie.BildgebungMamma.Befundtext",0,1,"",""
"LogicalModelSenologie.BildgebungSonstige","LogicalModelSenologie.BildgebungSonstige","","","",0,*,"","","","BackboneElement {[]} {[]}
","Bildgebung Sonstige","Bildgebung Sonstige","","","","","","","","","",,,,,"",,,,"LogicalModelSenologie.BildgebungSonstige",0,*,"","ele-1:All FHIR elements must have a @value or children {hasValue() or (children().count() > id.count())}
","Senologie_Bildgebung_Sonstige (DiagnosticReport)"
"LogicalModelSenologie.BildgebungSonstige.id","LogicalModelSenologie.BildgebungSonstige.id","","","",0,1,"","","","string {[]} {[]}
","Unique id for inter-element referencing","Unique id for the element within a resource (for internal references). This may be any string value that does not contain spaces.","","","","","","","","","",,,,,"",,,,"Element.id",0,1,"","","n/a"
"LogicalModelSenologie.BildgebungSonstige.extension","LogicalModelSenologie.BildgebungSonstige.extension","","extensions
user content","",0,*,"","","","Extension {[]} {[]}
","Additional content defined by implementations","May be used to represent additional information that is not part of the basic definition of the element. To make the use of extensions safe and manageable, there is a strict set of governance  applied to the definition and use of extensions. Though any implementer can define an extension, there is a set of requirements that SHALL be met as part of the definition of the extension.","There can be no stigma associated with the use of extensions by any application, project, or standard - regardless of the institution or jurisdiction that uses or defines the extensions.  The use of extensions is what allows the FHIR specification to retain a core level of simplicity for everyone.","","","","","","","","",,,,,"","value:url}
","Extensions are always sliced by (at least) url",,"open","Element.extension",0,*,"","ele-1:All FHIR elements must have a @value or children {hasValue() or (children().count() > id.count())}
ext-1:Must have either extensions or value[x], not both {extension.exists() != value.exists()}","n/a"
"LogicalModelSenologie.BildgebungSonstige.modifierExtension","LogicalModelSenologie.BildgebungSonstige.modifierExtension","","extensions
user contentmodifiers","",0,*,"","Y","Y","Extension {[]} {[]}
","Extensions that cannot be ignored even if unrecognized","May be used to represent additional information that is not part of the basic definition of the element and that modifies the understanding of the element in which it is contained and/or the understanding of the containing element's descendants. Usually modifier elements provide negation or qualification. To make the use of extensions safe and manageable, there is a strict set of governance applied to the definition and use of extensions. Though any implementer can define an extension, there is a set of requirements that SHALL be met as part of the definition of the extension. Applications processing a resource are required to check for modifier extensions.

Modifier extensions SHALL NOT change the meaning of any elements on Resource or DomainResource (including cannot change the meaning of modifierExtension itself).","There can be no stigma associated with the use of extensions by any application, project, or standard - regardless of the institution or jurisdiction that uses or defines the extensions.  The use of extensions is what allows the FHIR specification to retain a core level of simplicity for everyone.","Modifier extensions allow for extensions that *cannot* be safely ignored to be clearly distinguished from the vast majority of extensions which can be safely ignored.  This promotes interoperability by eliminating the need for implementers to prohibit the presence of extensions. For further information, see the [definition of modifier extensions](http://hl7.org/fhir/R4/extensibility.html#modifierExtension).","","","","","","","",,,,,"",,,,"BackboneElement.modifierExtension",0,*,"","ele-1:All FHIR elements must have a @value or children {hasValue() or (children().count() > id.count())}
ext-1:Must have either extensions or value[x], not both {extension.exists() != value.exists()}","N/A"
"LogicalModelSenologie.BildgebungSonstige.Datum","LogicalModelSenologie.BildgebungSonstige.Datum","","","",0,1,"","","","dateTime {[]} {[]}
","Untersuchungsdatum","Datum der Bildgebung","","","","","","","","","",,,,,"",,,,"LogicalModelSenologie.BildgebungSonstige.Datum",0,1,"",""
"LogicalModelSenologie.BildgebungSonstige.Art","LogicalModelSenologie.BildgebungSonstige.Art","","","",1,1,"","","","CodeableConcept {[]} {[]}
","Art der Bildgebung","CT, PET-CT, Szintigrafie etc.","","","","","","","","","",,,,,"",,,,"LogicalModelSenologie.BildgebungSonstige.Art",1,1,"",""
"LogicalModelSenologie.BildgebungSonstige.Befundtext","LogicalModelSenologie.BildgebungSonstige.Befundtext","","","",0,1,"","","","string {[]} {[]}
","Befundtext","Befundzusammenfassung","","","","","","","","","",,,,,"",,,,"LogicalModelSenologie.BildgebungSonstige.Befundtext",0,1,"",""
"LogicalModelSenologie.BildgebungSonstige.KodierteBefundaussage","LogicalModelSenologie.BildgebungSonstige.KodierteBefundaussage","","","",0,*,"","","","CodeableConcept {[]} {[]}
","Kodierte Befundaussage","Strukturierte Befundkodierung","","","","","","","","","",,,,,"",,,,"LogicalModelSenologie.BildgebungSonstige.KodierteBefundaussage",0,*,"",""
"LogicalModelSenologie.Pathologie","LogicalModelSenologie.Pathologie","","","",0,*,"","","","BackboneElement {[]} {[]}
","Pathologie","Pathologie","","","","","","","","","",,,,,"",,,,"LogicalModelSenologie.Pathologie",0,*,"","ele-1:All FHIR elements must have a @value or children {hasValue() or (children().count() > id.count())}
","Senologie_Pathologie_Befund (DiagnosticReport, basiert auf MII Patho Report)"
"LogicalModelSenologie.Pathologie.id","LogicalModelSenologie.Pathologie.id","","","",0,1,"","","","string {[]} {[]}
","Unique id for inter-element referencing","Unique id for the element within a resource (for internal references). This may be any string value that does not contain spaces.","","","","","","","","","",,,,,"",,,,"Element.id",0,1,"","","n/a"
"LogicalModelSenologie.Pathologie.extension","LogicalModelSenologie.Pathologie.extension","","extensions
user content","",0,*,"","","","Extension {[]} {[]}
","Additional content defined by implementations","May be used to represent additional information that is not part of the basic definition of the element. To make the use of extensions safe and manageable, there is a strict set of governance  applied to the definition and use of extensions. Though any implementer can define an extension, there is a set of requirements that SHALL be met as part of the definition of the extension.","There can be no stigma associated with the use of extensions by any application, project, or standard - regardless of the institution or jurisdiction that uses or defines the extensions.  The use of extensions is what allows the FHIR specification to retain a core level of simplicity for everyone.","","","","","","","","",,,,,"","value:url}
","Extensions are always sliced by (at least) url",,"open","Element.extension",0,*,"","ele-1:All FHIR elements must have a @value or children {hasValue() or (children().count() > id.count())}
ext-1:Must have either extensions or value[x], not both {extension.exists() != value.exists()}","n/a"
"LogicalModelSenologie.Pathologie.modifierExtension","LogicalModelSenologie.Pathologie.modifierExtension","","extensions
user contentmodifiers","",0,*,"","Y","Y","Extension {[]} {[]}
","Extensions that cannot be ignored even if unrecognized","May be used to represent additional information that is not part of the basic definition of the element and that modifies the understanding of the element in which it is contained and/or the understanding of the containing element's descendants. Usually modifier elements provide negation or qualification. To make the use of extensions safe and manageable, there is a strict set of governance applied to the definition and use of extensions. Though any implementer can define an extension, there is a set of requirements that SHALL be met as part of the definition of the extension. Applications processing a resource are required to check for modifier extensions.

Modifier extensions SHALL NOT change the meaning of any elements on Resource or DomainResource (including cannot change the meaning of modifierExtension itself).","There can be no stigma associated with the use of extensions by any application, project, or standard - regardless of the institution or jurisdiction that uses or defines the extensions.  The use of extensions is what allows the FHIR specification to retain a core level of simplicity for everyone.","Modifier extensions allow for extensions that *cannot* be safely ignored to be clearly distinguished from the vast majority of extensions which can be safely ignored.  This promotes interoperability by eliminating the need for implementers to prohibit the presence of extensions. For further information, see the [definition of modifier extensions](http://hl7.org/fhir/R4/extensibility.html#modifierExtension).","","","","","","","",,,,,"",,,,"BackboneElement.modifierExtension",0,*,"","ele-1:All FHIR elements must have a @value or children {hasValue() or (children().count() > id.count())}
ext-1:Must have either extensions or value[x], not both {extension.exists() != value.exists()}","N/A"
"LogicalModelSenologie.Pathologie.Datum","LogicalModelSenologie.Pathologie.Datum","","","",0,1,"","","","dateTime {[]} {[]}
","Befunddatum","Datum der Befunderstellung","","","","","","","","","",,,,,"",,,,"LogicalModelSenologie.Pathologie.Datum",0,1,"",""
"LogicalModelSenologie.Pathologie.DatumProbeneingang","LogicalModelSenologie.Pathologie.DatumProbeneingang","","","",0,1,"","","","dateTime {[]} {[]}
","Probeneingang","Datum Probeneingang im Labor","","","","","","","","","",,,,,"",,,,"LogicalModelSenologie.Pathologie.DatumProbeneingang",0,1,"",""
"LogicalModelSenologie.Pathologie.DatumEntnahme","LogicalModelSenologie.Pathologie.DatumEntnahme","","","",0,1,"","","","dateTime {[]} {[]}
","Entnahmedatum","Datum der Präparateentnahme","","","","","","","","","",,,,,"",,,,"LogicalModelSenologie.Pathologie.DatumEntnahme",0,1,"",""
"LogicalModelSenologie.Pathologie.ZeitpunktEntnahme","LogicalModelSenologie.Pathologie.ZeitpunktEntnahme","","","",0,1,"","","","string {[]} {[]}
","Zeitpunkt Präparatentnahme","Uhrzeit der Entnahme","","","","","","","","","",,,,,"",,,,"LogicalModelSenologie.Pathologie.ZeitpunktEntnahme",0,1,"",""
"LogicalModelSenologie.Pathologie.DatumMitteilungPatient","LogicalModelSenologie.Pathologie.DatumMitteilungPatient","","","",0,1,"","","","dateTime {[]} {[]}
","Datum Mitteilung Patient*in","Datum Befundmitteilung","","","","","","","","","",,,,,"",,,,"LogicalModelSenologie.Pathologie.DatumMitteilungPatient",0,1,"",""
"LogicalModelSenologie.Pathologie.PathologischesInstitut","LogicalModelSenologie.Pathologie.PathologischesInstitut","","","",0,1,"","","","string {[]} {[]}
","Pathologisches Institut","Befundendes Institut","","","","","","","","","",,,,,"",,,,"LogicalModelSenologie.Pathologie.PathologischesInstitut",0,1,"",""
"LogicalModelSenologie.Pathologie.EinrichtungEntnahme","LogicalModelSenologie.Pathologie.EinrichtungEntnahme","","","",0,1,"","","","string {[]} {[]}
","Einrichtung Präparateentnahme","Einrichtung der Probenentnahme","","","","","","","","","",,,,,"",,,,"LogicalModelSenologie.Pathologie.EinrichtungEntnahme",0,1,"",""
"LogicalModelSenologie.Pathologie.StrukturierterBefund","LogicalModelSenologie.Pathologie.StrukturierterBefund","","","",0,1,"","","","boolean {[]} {[]}
","Strukturierter Befund","Strukturierter Befund angelegt","","","","","","","","","",,,,,"",,,,"LogicalModelSenologie.Pathologie.StrukturierterBefund",0,1,"",""
"LogicalModelSenologie.Pathologie.Praeparat","LogicalModelSenologie.Pathologie.Praeparat","","","",0,1,"","","","BackboneElement {[]} {[]}
","Präparat","Pathologisches Präparat","","","","","","","","","",,,,,"",,,,"LogicalModelSenologie.Pathologie.Praeparat",0,1,"","ele-1:All FHIR elements must have a @value or children {hasValue() or (children().count() > id.count())}
","Senologie_Pathologie_Praeparat (Specimen)"
"LogicalModelSenologie.Pathologie.Praeparat.id","LogicalModelSenologie.Pathologie.Praeparat.id","","","",0,1,"","","","string {[]} {[]}
","Unique id for inter-element referencing","Unique id for the element within a resource (for internal references). This may be any string value that does not contain spaces.","","","","","","","","","",,,,,"",,,,"Element.id",0,1,"","","n/a"
"LogicalModelSenologie.Pathologie.Praeparat.extension","LogicalModelSenologie.Pathologie.Praeparat.extension","","extensions
user content","",0,*,"","","","Extension {[]} {[]}
","Additional content defined by implementations","May be used to represent additional information that is not part of the basic definition of the element. To make the use of extensions safe and manageable, there is a strict set of governance  applied to the definition and use of extensions. Though any implementer can define an extension, there is a set of requirements that SHALL be met as part of the definition of the extension.","There can be no stigma associated with the use of extensions by any application, project, or standard - regardless of the institution or jurisdiction that uses or defines the extensions.  The use of extensions is what allows the FHIR specification to retain a core level of simplicity for everyone.","","","","","","","","",,,,,"","value:url}
","Extensions are always sliced by (at least) url",,"open","Element.extension",0,*,"","ele-1:All FHIR elements must have a @value or children {hasValue() or (children().count() > id.count())}
ext-1:Must have either extensions or value[x], not both {extension.exists() != value.exists()}","n/a"
"LogicalModelSenologie.Pathologie.Praeparat.modifierExtension","LogicalModelSenologie.Pathologie.Praeparat.modifierExtension","","extensions
user contentmodifiers","",0,*,"","Y","Y","Extension {[]} {[]}
","Extensions that cannot be ignored even if unrecognized","May be used to represent additional information that is not part of the basic definition of the element and that modifies the understanding of the element in which it is contained and/or the understanding of the containing element's descendants. Usually modifier elements provide negation or qualification. To make the use of extensions safe and manageable, there is a strict set of governance applied to the definition and use of extensions. Though any implementer can define an extension, there is a set of requirements that SHALL be met as part of the definition of the extension. Applications processing a resource are required to check for modifier extensions.

Modifier extensions SHALL NOT change the meaning of any elements on Resource or DomainResource (including cannot change the meaning of modifierExtension itself).","There can be no stigma associated with the use of extensions by any application, project, or standard - regardless of the institution or jurisdiction that uses or defines the extensions.  The use of extensions is what allows the FHIR specification to retain a core level of simplicity for everyone.","Modifier extensions allow for extensions that *cannot* be safely ignored to be clearly distinguished from the vast majority of extensions which can be safely ignored.  This promotes interoperability by eliminating the need for implementers to prohibit the presence of extensions. For further information, see the [definition of modifier extensions](http://hl7.org/fhir/R4/extensibility.html#modifierExtension).","","","","","","","",,,,,"",,,,"BackboneElement.modifierExtension",0,*,"","ele-1:All FHIR elements must have a @value or children {hasValue() or (children().count() > id.count())}
ext-1:Must have either extensions or value[x], not both {extension.exists() != value.exists()}","N/A"
"LogicalModelSenologie.Pathologie.Praeparat.Art","LogicalModelSenologie.Pathologie.Praeparat.Art","","","",1,1,"","","","CodeableConcept {[]} {[]}
","Art des Präparats","Biopsie, Resektat, etc.","","","","","","","","","",,,,,"",,,,"LogicalModelSenologie.Pathologie.Praeparat.Art",1,1,"",""
"LogicalModelSenologie.Pathologie.Praeparat.Entnahmemethode","LogicalModelSenologie.Pathologie.Praeparat.Entnahmemethode","","","",0,1,"","","","CodeableConcept {[]} {[]}
","Entnahmemethode","Methode der Gewebeentnahme","","","","","","","","","",,,,,"",,,,"LogicalModelSenologie.Pathologie.Praeparat.Entnahmemethode",0,1,"",""
"LogicalModelSenologie.Pathologie.Praeparat.Lokalisation","LogicalModelSenologie.Pathologie.Praeparat.Lokalisation","","","",0,1,"","","","CodeableConcept {[]} {[]}
","Entnahmelokalisation","Körperstelle der Entnahme","","","","","","","","","",,,,,"",,,,"LogicalModelSenologie.Pathologie.Praeparat.Lokalisation",0,1,"",""
"LogicalModelSenologie.Pathologie.Praeparat.Seite","LogicalModelSenologie.Pathologie.Praeparat.Seite","","","",0,1,"","","","CodeableConcept {[]} {[]}
","Seite","Lateralität des Präparats","","","","","","","","","",,,,,"",,,,"LogicalModelSenologie.Pathologie.Praeparat.Seite",0,1,"",""
"LogicalModelSenologie.Pathologie.Praeparat.Uhrzeit","LogicalModelSenologie.Pathologie.Praeparat.Uhrzeit","","","",0,1,"","","","string {[]} {[]}
","Uhrzeit-Position","Lokalisation als Uhrzeit","","","","","","","","","",,,,,"",,,,"LogicalModelSenologie.Pathologie.Praeparat.Uhrzeit",0,1,"",""
"LogicalModelSenologie.Pathologie.Praeparat.Mamillenabstand","LogicalModelSenologie.Pathologie.Praeparat.Mamillenabstand","","","",0,1,"","","","Quantity {[]} {[]}
","Mamillenabstand","Abstand zur Mamille in mm","","","","","","","","","",,,,,"",,,,"LogicalModelSenologie.Pathologie.Praeparat.Mamillenabstand",0,1,"",""
"LogicalModelSenologie.Pathologie.Histologie","LogicalModelSenologie.Pathologie.Histologie","","","",0,1,"","","","CodeableConcept {[]} {[]}
","Histologischer Typ","ICD-O-3 Morphologie","","","","","","","","","",,,,,"",,,,"LogicalModelSenologie.Pathologie.Histologie",0,1,"","","6.3 Morphologie-Code (ICD-O-3)","O:HISTMORPH","Diagnose_ICDO_Code"
"LogicalModelSenologie.Pathologie.BefundInvasiv","LogicalModelSenologie.Pathologie.BefundInvasiv","","","",0,1,"","","","BackboneElement {[]} {[]}
","Befund invasives Karzinom","Pathologische Befundung invasives Mammakarzinom","","","","","","","","","",,,,,"",,,,"LogicalModelSenologie.Pathologie.BefundInvasiv",0,1,"","ele-1:All FHIR elements must have a @value or children {hasValue() or (children().count() > id.count())}
","MII_PR_Patho_GrouperBefund (Observation, microscopic)"
"LogicalModelSenologie.Pathologie.BefundInvasiv.id","LogicalModelSenologie.Pathologie.BefundInvasiv.id","","","",0,1,"","","","string {[]} {[]}
","Unique id for inter-element referencing","Unique id for the element within a resource (for internal references). This may be any string value that does not contain spaces.","","","","","","","","","",,,,,"",,,,"Element.id",0,1,"","","n/a"
"LogicalModelSenologie.Pathologie.BefundInvasiv.extension","LogicalModelSenologie.Pathologie.BefundInvasiv.extension","","extensions
user content","",0,*,"","","","Extension {[]} {[]}
","Additional content defined by implementations","May be used to represent additional information that is not part of the basic definition of the element. To make the use of extensions safe and manageable, there is a strict set of governance  applied to the definition and use of extensions. Though any implementer can define an extension, there is a set of requirements that SHALL be met as part of the definition of the extension.","There can be no stigma associated with the use of extensions by any application, project, or standard - regardless of the institution or jurisdiction that uses or defines the extensions.  The use of extensions is what allows the FHIR specification to retain a core level of simplicity for everyone.","","","","","","","","",,,,,"","value:url}
","Extensions are always sliced by (at least) url",,"open","Element.extension",0,*,"","ele-1:All FHIR elements must have a @value or children {hasValue() or (children().count() > id.count())}
ext-1:Must have either extensions or value[x], not both {extension.exists() != value.exists()}","n/a"
"LogicalModelSenologie.Pathologie.BefundInvasiv.modifierExtension","LogicalModelSenologie.Pathologie.BefundInvasiv.modifierExtension","","extensions
user contentmodifiers","",0,*,"","Y","Y","Extension {[]} {[]}
","Extensions that cannot be ignored even if unrecognized","May be used to represent additional information that is not part of the basic definition of the element and that modifies the understanding of the element in which it is contained and/or the understanding of the containing element's descendants. Usually modifier elements provide negation or qualification. To make the use of extensions safe and manageable, there is a strict set of governance applied to the definition and use of extensions. Though any implementer can define an extension, there is a set of requirements that SHALL be met as part of the definition of the extension. Applications processing a resource are required to check for modifier extensions.

Modifier extensions SHALL NOT change the meaning of any elements on Resource or DomainResource (including cannot change the meaning of modifierExtension itself).","There can be no stigma associated with the use of extensions by any application, project, or standard - regardless of the institution or jurisdiction that uses or defines the extensions.  The use of extensions is what allows the FHIR specification to retain a core level of simplicity for everyone.","Modifier extensions allow for extensions that *cannot* be safely ignored to be clearly distinguished from the vast majority of extensions which can be safely ignored.  This promotes interoperability by eliminating the need for implementers to prohibit the presence of extensions. For further information, see the [definition of modifier extensions](http://hl7.org/fhir/R4/extensibility.html#modifierExtension).","","","","","","","",,,,,"",,,,"BackboneElement.modifierExtension",0,*,"","ele-1:All FHIR elements must have a @value or children {hasValue() or (children().count() > id.count())}
ext-1:Must have either extensions or value[x], not both {extension.exists() != value.exists()}","N/A"
"LogicalModelSenologie.Pathologie.BefundInvasiv.Subtyp","LogicalModelSenologie.Pathologie.BefundInvasiv.Subtyp","","","",0,1,"","","","CodeableConcept {[]} {[]}
","Subtyp","Histologischer Subtyp (NST, lobulär, etc.)","","","","","","","","","",,,,,"",,,,"LogicalModelSenologie.Pathologie.BefundInvasiv.Subtyp",0,1,"",""
"LogicalModelSenologie.Pathologie.BefundInvasiv.MaxTumordurchmesser","LogicalModelSenologie.Pathologie.BefundInvasiv.MaxTumordurchmesser","","","",0,1,"","","","Quantity {[]} {[]}
","Max. Tumordurchmesser","Maximaler invasiver Tumordurchmesser in mm","","","","","","","","","",,,,,"",,,,"LogicalModelSenologie.Pathologie.BefundInvasiv.MaxTumordurchmesser",0,1,"","","6.2 Tumorgröße","O:TGROESSEINV","pTNM_Groesse_Invasiv_mm"
"LogicalModelSenologie.Pathologie.BefundInvasiv.Multifokalitaet","LogicalModelSenologie.Pathologie.BefundInvasiv.Multifokalitaet","","","",0,1,"","","","boolean {[]} {[]}
","Multifokal (m)","Multifokales/multizentrisches Karzinom","","","","","","","","","",,,,,"",,,,"LogicalModelSenologie.Pathologie.BefundInvasiv.Multifokalitaet",0,1,"","","7.10 m-Symbol","O:MULTIFOK","pTNM_Multifokal"
"LogicalModelSenologie.Pathologie.BefundInvasiv.Grading","LogicalModelSenologie.Pathologie.BefundInvasiv.Grading","","","",0,1,"","","","CodeableConcept {[]} {[]}
","Grading","G1–G4","","","","","","","","","",,,,,"",,,,"LogicalModelSenologie.Pathologie.BefundInvasiv.Grading",0,1,"","","6.1 Grading","O:GRADING"
"LogicalModelSenologie.Pathologie.BefundInvasiv.NukleaeresGrading","LogicalModelSenologie.Pathologie.BefundInvasiv.NukleaeresGrading","","","",0,1,"","","","CodeableConcept {[]} {[]}
","Nukleäres Grading","Nukleäres Grading","","","","","","","","","",,,,,"",,,,"LogicalModelSenologie.Pathologie.BefundInvasiv.NukleaeresGrading",0,1,"",""
"LogicalModelSenologie.Pathologie.BefundInvasiv.pT","LogicalModelSenologie.Pathologie.BefundInvasiv.pT","","","",0,1,"","","","CodeableConcept {[]} {[]}
","pT (BC)","Pathologische T-Kategorie","","","","","","","","","",,,,,"",,,,"LogicalModelSenologie.Pathologie.BefundInvasiv.pT",0,1,"","","7.1 TNM pT","O:PT","pTNM_T","MII_PR_Onko_TNM_Klassifikation (Observation, pTNM)"
"LogicalModelSenologie.Pathologie.BefundInvasiv.cN","LogicalModelSenologie.Pathologie.BefundInvasiv.cN","","","",0,1,"","","","CodeableConcept {[]} {[]}
","cN (BC)","Klinische N-Kategorie (im Patho-Befund dokumentiert)","","","","","","","","","",,,,,"",,,,"LogicalModelSenologie.Pathologie.BefundInvasiv.cN",0,1,"",""
"LogicalModelSenologie.Pathologie.BefundInvasiv.pN","LogicalModelSenologie.Pathologie.BefundInvasiv.pN","","","",0,1,"","","","CodeableConcept {[]} {[]}
","pN (BC)","Pathologische N-Kategorie","","","","","","","","","",,,,,"",,,,"LogicalModelSenologie.Pathologie.BefundInvasiv.pN",0,1,"","","7.2 TNM pN","O:PN","pTNM_N","MII_PR_Onko_TNM_Klassifikation (Observation, pTNM)"
"LogicalModelSenologie.Pathologie.BefundInvasiv.CpSwitch","LogicalModelSenologie.Pathologie.BefundInvasiv.CpSwitch","","","",0,1,"","","","CodeableConcept {[]} {[]}
","c/p-Switch","Befund klinisch (c) oder pathologisch (p) klassifiziert","","","","","","","","","",,,,,"",,,,"LogicalModelSenologie.Pathologie.BefundInvasiv.CpSwitch",0,1,"",""
"LogicalModelSenologie.Pathologie.BefundInvasiv.y","LogicalModelSenologie.Pathologie.BefundInvasiv.y","","","",0,1,"","","","boolean {[]} {[]}
","y-Präfix","Nach neoadjuvanter Therapie","","","","","","","","","",,,,,"",,,,"LogicalModelSenologie.Pathologie.BefundInvasiv.y",0,1,"","","7.8 y-Symbol"
"LogicalModelSenologie.Pathologie.BefundInvasiv.r","LogicalModelSenologie.Pathologie.BefundInvasiv.r","","","",0,1,"","","","boolean {[]} {[]}
","r-Präfix","Rezidiv-Befund","","","","","","","","","",,,,,"",,,,"LogicalModelSenologie.Pathologie.BefundInvasiv.r",0,1,"","","7.9 r-Symbol"
"LogicalModelSenologie.Pathologie.BefundInvasiv.L","LogicalModelSenologie.Pathologie.BefundInvasiv.L","","","",0,1,"","","","CodeableConcept {[]} {[]}
","L-Status","Lymphgefäßinvasion (L0/L1/LX)","","","","","","","","","",,,,,"",,,,"LogicalModelSenologie.Pathologie.BefundInvasiv.L",0,1,"","","7.4 TNM L"
"LogicalModelSenologie.Pathologie.BefundInvasiv.V","LogicalModelSenologie.Pathologie.BefundInvasiv.V","","","",0,1,"","","","CodeableConcept {[]} {[]}
","V-Status","Veneninvasion (V0/V1/V2/VX)","","","","","","","","","",,,,,"",,,,"LogicalModelSenologie.Pathologie.BefundInvasiv.V",0,1,"","","7.5 TNM V"
"LogicalModelSenologie.Pathologie.BefundInvasiv.Pn","LogicalModelSenologie.Pathologie.BefundInvasiv.Pn","","","",0,1,"","","","CodeableConcept {[]} {[]}
","Pn-Status","Perineuralscheideninvasion (Pn0/Pn1/PnX)","","","","","","","","","",,,,,"",,,,"LogicalModelSenologie.Pathologie.BefundInvasiv.Pn",0,1,"","","7.7 TNM Pn"
"LogicalModelSenologie.Pathologie.BefundInvasiv.R","LogicalModelSenologie.Pathologie.BefundInvasiv.R","","","",0,1,"","","","CodeableConcept {[]} {[]}
","R-Status (BC)","Residualstatus invasiv","","","","","","","","","",,,,,"",,,,"LogicalModelSenologie.Pathologie.BefundInvasiv.R",0,1,"","","8.1 Lokale Beurteilung Residualstatus / 8.2 Gesamtbeurteilung Residualstatus","O:RSTATUSLOK / O:RSTATUSGES","Op_R_Lokal / Op_R_Gesamt"
"LogicalModelSenologie.Pathologie.BefundInvasiv.Resektionsraender","LogicalModelSenologie.Pathologie.BefundInvasiv.Resektionsraender","","","",0,1,"","","","BackboneElement {[]} {[]}
","Resektionsränder","Abstände zu Resektionsrändern in mm","","","","","","","","","",,,,,"",,,,"LogicalModelSenologie.Pathologie.BefundInvasiv.Resektionsraender",0,1,"","ele-1:All FHIR elements must have a @value or children {hasValue() or (children().count() > id.count())}
"
"LogicalModelSenologie.Pathologie.BefundInvasiv.Resektionsraender.id","LogicalModelSenologie.Pathologie.BefundInvasiv.Resektionsraender.id","","","",0,1,"","","","string {[]} {[]}
","Unique id for inter-element referencing","Unique id for the element within a resource (for internal references). This may be any string value that does not contain spaces.","","","","","","","","","",,,,,"",,,,"Element.id",0,1,"","","n/a"
"LogicalModelSenologie.Pathologie.BefundInvasiv.Resektionsraender.extension","LogicalModelSenologie.Pathologie.BefundInvasiv.Resektionsraender.extension","","extensions
user content","",0,*,"","","","Extension {[]} {[]}
","Additional content defined by implementations","May be used to represent additional information that is not part of the basic definition of the element. To make the use of extensions safe and manageable, there is a strict set of governance  applied to the definition and use of extensions. Though any implementer can define an extension, there is a set of requirements that SHALL be met as part of the definition of the extension.","There can be no stigma associated with the use of extensions by any application, project, or standard - regardless of the institution or jurisdiction that uses or defines the extensions.  The use of extensions is what allows the FHIR specification to retain a core level of simplicity for everyone.","","","","","","","","",,,,,"","value:url}
","Extensions are always sliced by (at least) url",,"open","Element.extension",0,*,"","ele-1:All FHIR elements must have a @value or children {hasValue() or (children().count() > id.count())}
ext-1:Must have either extensions or value[x], not both {extension.exists() != value.exists()}","n/a"
"LogicalModelSenologie.Pathologie.BefundInvasiv.Resektionsraender.modifierExtension","LogicalModelSenologie.Pathologie.BefundInvasiv.Resektionsraender.modifierExtension","","extensions
user contentmodifiers","",0,*,"","Y","Y","Extension {[]} {[]}
","Extensions that cannot be ignored even if unrecognized","May be used to represent additional information that is not part of the basic definition of the element and that modifies the understanding of the element in which it is contained and/or the understanding of the containing element's descendants. Usually modifier elements provide negation or qualification. To make the use of extensions safe and manageable, there is a strict set of governance applied to the definition and use of extensions. Though any implementer can define an extension, there is a set of requirements that SHALL be met as part of the definition of the extension. Applications processing a resource are required to check for modifier extensions.

Modifier extensions SHALL NOT change the meaning of any elements on Resource or DomainResource (including cannot change the meaning of modifierExtension itself).","There can be no stigma associated with the use of extensions by any application, project, or standard - regardless of the institution or jurisdiction that uses or defines the extensions.  The use of extensions is what allows the FHIR specification to retain a core level of simplicity for everyone.","Modifier extensions allow for extensions that *cannot* be safely ignored to be clearly distinguished from the vast majority of extensions which can be safely ignored.  This promotes interoperability by eliminating the need for implementers to prohibit the presence of extensions. For further information, see the [definition of modifier extensions](http://hl7.org/fhir/R4/extensibility.html#modifierExtension).","","","","","","","",,,,,"",,,,"BackboneElement.modifierExtension",0,*,"","ele-1:All FHIR elements must have a @value or children {hasValue() or (children().count() > id.count())}
ext-1:Must have either extensions or value[x], not both {extension.exists() != value.exists()}","N/A"
"LogicalModelSenologie.Pathologie.BefundInvasiv.Resektionsraender.Anterior","LogicalModelSenologie.Pathologie.BefundInvasiv.Resektionsraender.Anterior","","","",0,1,"","","","Quantity {[]} {[]}
","anterior","Abstand anterior","","","","","","","","","",,,,,"",,,,"LogicalModelSenologie.Pathologie.BefundInvasiv.Resektionsraender.Anterior",0,1,"",""
"LogicalModelSenologie.Pathologie.BefundInvasiv.Resektionsraender.Posterior","LogicalModelSenologie.Pathologie.BefundInvasiv.Resektionsraender.Posterior","","","",0,1,"","","","Quantity {[]} {[]}
","posterior","Abstand posterior","","","","","","","","","",,,,,"",,,,"LogicalModelSenologie.Pathologie.BefundInvasiv.Resektionsraender.Posterior",0,1,"",""
"LogicalModelSenologie.Pathologie.BefundInvasiv.Resektionsraender.Superior","LogicalModelSenologie.Pathologie.BefundInvasiv.Resektionsraender.Superior","","","",0,1,"","","","Quantity {[]} {[]}
","superior","Abstand superior","","","","","","","","","",,,,,"",,,,"LogicalModelSenologie.Pathologie.BefundInvasiv.Resektionsraender.Superior",0,1,"",""
"LogicalModelSenologie.Pathologie.BefundInvasiv.Resektionsraender.Inferior","LogicalModelSenologie.Pathologie.BefundInvasiv.Resektionsraender.Inferior","","","",0,1,"","","","Quantity {[]} {[]}
","inferior","Abstand inferior","","","","","","","","","",,,,,"",,,,"LogicalModelSenologie.Pathologie.BefundInvasiv.Resektionsraender.Inferior",0,1,"",""
"LogicalModelSenologie.Pathologie.BefundInvasiv.Resektionsraender.Medial","LogicalModelSenologie.Pathologie.BefundInvasiv.Resektionsraender.Medial","","","",0,1,"","","","Quantity {[]} {[]}
","medial","Abstand medial","","","","","","","","","",,,,,"",,,,"LogicalModelSenologie.Pathologie.BefundInvasiv.Resektionsraender.Medial",0,1,"",""
"LogicalModelSenologie.Pathologie.BefundInvasiv.Resektionsraender.Lateral","LogicalModelSenologie.Pathologie.BefundInvasiv.Resektionsraender.Lateral","","","",0,1,"","","","Quantity {[]} {[]}
","lateral","Abstand lateral","","","","","","","","","",,,,,"",,,,"LogicalModelSenologie.Pathologie.BefundInvasiv.Resektionsraender.Lateral",0,1,"",""
"LogicalModelSenologie.Pathologie.BefundInvasiv.Biomarker","LogicalModelSenologie.Pathologie.BefundInvasiv.Biomarker","","","",0,1,"","","","BackboneElement {[]} {[]}
","Biomarker invasiv","Tumor-Biomarker BC","","","","","","","","","",,,,,"",,,,"LogicalModelSenologie.Pathologie.BefundInvasiv.Biomarker",0,1,"","ele-1:All FHIR elements must have a @value or children {hasValue() or (children().count() > id.count())}
"
"LogicalModelSenologie.Pathologie.BefundInvasiv.Biomarker.id","LogicalModelSenologie.Pathologie.BefundInvasiv.Biomarker.id","","","",0,1,"","","","string {[]} {[]}
","Unique id for inter-element referencing","Unique id for the element within a resource (for internal references). This may be any string value that does not contain spaces.","","","","","","","","","",,,,,"",,,,"Element.id",0,1,"","","n/a"
"LogicalModelSenologie.Pathologie.BefundInvasiv.Biomarker.extension","LogicalModelSenologie.Pathologie.BefundInvasiv.Biomarker.extension","","extensions
user content","",0,*,"","","","Extension {[]} {[]}
","Additional content defined by implementations","May be used to represent additional information that is not part of the basic definition of the element. To make the use of extensions safe and manageable, there is a strict set of governance  applied to the definition and use of extensions. Though any implementer can define an extension, there is a set of requirements that SHALL be met as part of the definition of the extension.","There can be no stigma associated with the use of extensions by any application, project, or standard - regardless of the institution or jurisdiction that uses or defines the extensions.  The use of extensions is what allows the FHIR specification to retain a core level of simplicity for everyone.","","","","","","","","",,,,,"","value:url}
","Extensions are always sliced by (at least) url",,"open","Element.extension",0,*,"","ele-1:All FHIR elements must have a @value or children {hasValue() or (children().count() > id.count())}
ext-1:Must have either extensions or value[x], not both {extension.exists() != value.exists()}","n/a"
"LogicalModelSenologie.Pathologie.BefundInvasiv.Biomarker.modifierExtension","LogicalModelSenologie.Pathologie.BefundInvasiv.Biomarker.modifierExtension","","extensions
user contentmodifiers","",0,*,"","Y","Y","Extension {[]} {[]}
","Extensions that cannot be ignored even if unrecognized","May be used to represent additional information that is not part of the basic definition of the element and that modifies the understanding of the element in which it is contained and/or the understanding of the containing element's descendants. Usually modifier elements provide negation or qualification. To make the use of extensions safe and manageable, there is a strict set of governance applied to the definition and use of extensions. Though any implementer can define an extension, there is a set of requirements that SHALL be met as part of the definition of the extension. Applications processing a resource are required to check for modifier extensions.

Modifier extensions SHALL NOT change the meaning of any elements on Resource or DomainResource (including cannot change the meaning of modifierExtension itself).","There can be no stigma associated with the use of extensions by any application, project, or standard - regardless of the institution or jurisdiction that uses or defines the extensions.  The use of extensions is what allows the FHIR specification to retain a core level of simplicity for everyone.","Modifier extensions allow for extensions that *cannot* be safely ignored to be clearly distinguished from the vast majority of extensions which can be safely ignored.  This promotes interoperability by eliminating the need for implementers to prohibit the presence of extensions. For further information, see the [definition of modifier extensions](http://hl7.org/fhir/R4/extensibility.html#modifierExtension).","","","","","","","",,,,,"",,,,"BackboneElement.modifierExtension",0,*,"","ele-1:All FHIR elements must have a @value or children {hasValue() or (children().count() > id.count())}
ext-1:Must have either extensions or value[x], not both {extension.exists() != value.exists()}","N/A"
"LogicalModelSenologie.Pathologie.BefundInvasiv.Biomarker.ER","LogicalModelSenologie.Pathologie.BefundInvasiv.Biomarker.ER","","","",0,1,"","","","CodeableConcept {[]} {[]}
","ER-Status","Östrogenrezeptor","","","","","","","","","",,,,,"",,,,"LogicalModelSenologie.Pathologie.BefundInvasiv.Biomarker.ER",0,1,"","","O:ERSTATUS","ER_Status"
"LogicalModelSenologie.Pathologie.BefundInvasiv.Biomarker.PR","LogicalModelSenologie.Pathologie.BefundInvasiv.Biomarker.PR","","","",0,1,"","","","CodeableConcept {[]} {[]}
","PR-Status","Progesteronrezeptor","","","","","","","","","",,,,,"",,,,"LogicalModelSenologie.Pathologie.BefundInvasiv.Biomarker.PR",0,1,"","","O:PRSTATUS","PR_Status"
"LogicalModelSenologie.Pathologie.BefundInvasiv.Biomarker.HER2","LogicalModelSenologie.Pathologie.BefundInvasiv.Biomarker.HER2","","","",0,1,"","","","CodeableConcept {[]} {[]}
","HER2-Status","HER2-IHC-Status","","","","","","","","","",,,,,"",,,,"LogicalModelSenologie.Pathologie.BefundInvasiv.Biomarker.HER2",0,1,"","","O:HER2STATUS","HER2_Status"
"LogicalModelSenologie.Pathologie.BefundInvasiv.Biomarker.HER2ISH","LogicalModelSenologie.Pathologie.BefundInvasiv.Biomarker.HER2ISH","","","",0,1,"","","","CodeableConcept {[]} {[]}
","HER2 ISH","HER2 In-Situ-Hybridisierung","","","","","","","","","",,,,,"",,,,"LogicalModelSenologie.Pathologie.BefundInvasiv.Biomarker.HER2ISH",0,1,"",""
"LogicalModelSenologie.Pathologie.BefundInvasiv.Biomarker.ArtDerISH","LogicalModelSenologie.Pathologie.BefundInvasiv.Biomarker.ArtDerISH","","","",0,1,"","","","CodeableConcept {[]} {[]}
","Art der ISH","FISH, CISH, DISH etc.","","","","","","","","","",,,,,"",,,,"LogicalModelSenologie.Pathologie.BefundInvasiv.Biomarker.ArtDerISH",0,1,"",""
"LogicalModelSenologie.Pathologie.BefundInvasiv.Biomarker.Ki67","LogicalModelSenologie.Pathologie.BefundInvasiv.Biomarker.Ki67","","","",0,1,"","","","Quantity {[]} {[]}
","Ki-67","Ki-67 Proliferationsindex in Prozent","","","","","","","","","",,,,,"",,,,"LogicalModelSenologie.Pathologie.BefundInvasiv.Biomarker.Ki67",0,1,"","","Ki67_Prozent","Senologie_Ki67 (Observation)"
"LogicalModelSenologie.Pathologie.BefundInvasiv.Biomarker.PDL1CPS","LogicalModelSenologie.Pathologie.BefundInvasiv.Biomarker.PDL1CPS","","","",0,1,"","","","Quantity {[]} {[]}
","PD-L1 CPS","Combined Positive Score","","","","","","","","","",,,,,"",,,,"LogicalModelSenologie.Pathologie.BefundInvasiv.Biomarker.PDL1CPS",0,1,"","","Senologie_PDL1_Status (Observation)"
"LogicalModelSenologie.Pathologie.BefundInvasiv.Biomarker.PDL1TPS","LogicalModelSenologie.Pathologie.BefundInvasiv.Biomarker.PDL1TPS","","","",0,1,"","","","Quantity {[]} {[]}
","PD-L1 TPS","Tumor Proportion Score","","","","","","","","","",,,,,"",,,,"LogicalModelSenologie.Pathologie.BefundInvasiv.Biomarker.PDL1TPS",0,1,"","","Senologie_PDL1_Status (Observation)"
"LogicalModelSenologie.Pathologie.BefundInvasiv.Biomarker.PDL1IC","LogicalModelSenologie.Pathologie.BefundInvasiv.Biomarker.PDL1IC","","","",0,1,"","","","Quantity {[]} {[]}
","PD-L1 IC","Immune Cell Score","","","","","","","","","",,,,,"",,,,"LogicalModelSenologie.Pathologie.BefundInvasiv.Biomarker.PDL1IC",0,1,"","","Senologie_PDL1_Status (Observation)"
"LogicalModelSenologie.Pathologie.BefundDCIS","LogicalModelSenologie.Pathologie.BefundDCIS","","","",0,1,"","","","BackboneElement {[]} {[]}
","Befund DCIS","Pathologische Befundung Ductales Carcinoma in situ","","","","","","","","","",,,,,"",,,,"LogicalModelSenologie.Pathologie.BefundDCIS",0,1,"","ele-1:All FHIR elements must have a @value or children {hasValue() or (children().count() > id.count())}
","MII_PR_Patho_GrouperBefund (Observation, microscopic)"
"LogicalModelSenologie.Pathologie.BefundDCIS.id","LogicalModelSenologie.Pathologie.BefundDCIS.id","","","",0,1,"","","","string {[]} {[]}
","Unique id for inter-element referencing","Unique id for the element within a resource (for internal references). This may be any string value that does not contain spaces.","","","","","","","","","",,,,,"",,,,"Element.id",0,1,"","","n/a"
"LogicalModelSenologie.Pathologie.BefundDCIS.extension","LogicalModelSenologie.Pathologie.BefundDCIS.extension","","extensions
user content","",0,*,"","","","Extension {[]} {[]}
","Additional content defined by implementations","May be used to represent additional information that is not part of the basic definition of the element. To make the use of extensions safe and manageable, there is a strict set of governance  applied to the definition and use of extensions. Though any implementer can define an extension, there is a set of requirements that SHALL be met as part of the definition of the extension.","There can be no stigma associated with the use of extensions by any application, project, or standard - regardless of the institution or jurisdiction that uses or defines the extensions.  The use of extensions is what allows the FHIR specification to retain a core level of simplicity for everyone.","","","","","","","","",,,,,"","value:url}
","Extensions are always sliced by (at least) url",,"open","Element.extension",0,*,"","ele-1:All FHIR elements must have a @value or children {hasValue() or (children().count() > id.count())}
ext-1:Must have either extensions or value[x], not both {extension.exists() != value.exists()}","n/a"
"LogicalModelSenologie.Pathologie.BefundDCIS.modifierExtension","LogicalModelSenologie.Pathologie.BefundDCIS.modifierExtension","","extensions
user contentmodifiers","",0,*,"","Y","Y","Extension {[]} {[]}
","Extensions that cannot be ignored even if unrecognized","May be used to represent additional information that is not part of the basic definition of the element and that modifies the understanding of the element in which it is contained and/or the understanding of the containing element's descendants. Usually modifier elements provide negation or qualification. To make the use of extensions safe and manageable, there is a strict set of governance applied to the definition and use of extensions. Though any implementer can define an extension, there is a set of requirements that SHALL be met as part of the definition of the extension. Applications processing a resource are required to check for modifier extensions.

Modifier extensions SHALL NOT change the meaning of any elements on Resource or DomainResource (including cannot change the meaning of modifierExtension itself).","There can be no stigma associated with the use of extensions by any application, project, or standard - regardless of the institution or jurisdiction that uses or defines the extensions.  The use of extensions is what allows the FHIR specification to retain a core level of simplicity for everyone.","Modifier extensions allow for extensions that *cannot* be safely ignored to be clearly distinguished from the vast majority of extensions which can be safely ignored.  This promotes interoperability by eliminating the need for implementers to prohibit the presence of extensions. For further information, see the [definition of modifier extensions](http://hl7.org/fhir/R4/extensibility.html#modifierExtension).","","","","","","","",,,,,"",,,,"BackboneElement.modifierExtension",0,*,"","ele-1:All FHIR elements must have a @value or children {hasValue() or (children().count() > id.count())}
ext-1:Must have either extensions or value[x], not both {extension.exists() != value.exists()}","N/A"
"LogicalModelSenologie.Pathologie.BefundDCIS.Art","LogicalModelSenologie.Pathologie.BefundDCIS.Art","","","",0,1,"","","","CodeableConcept {[]} {[]}
","DCIS Art","Art des DCIS","","","","","","","","","",,,,,"",,,,"LogicalModelSenologie.Pathologie.BefundDCIS.Art",0,1,"",""
"LogicalModelSenologie.Pathologie.BefundDCIS.MaxAusdehnung","LogicalModelSenologie.Pathologie.BefundDCIS.MaxAusdehnung","","","",0,1,"","","","Quantity {[]} {[]}
","Maximale Ausdehnung","Größte Ausdehnung des DCIS in mm","","","","","","","","","",,,,,"",,,,"LogicalModelSenologie.Pathologie.BefundDCIS.MaxAusdehnung",0,1,"","","O:TGROESSEDCIS","pTNM_Groesse_DCIS_mm"
"LogicalModelSenologie.Pathologie.BefundDCIS.Grading","LogicalModelSenologie.Pathologie.BefundDCIS.Grading","","","",0,1,"","","","CodeableConcept {[]} {[]}
","DCIS Grading","G1–G3","","","","","","","","","",,,,,"",,,,"LogicalModelSenologie.Pathologie.BefundDCIS.Grading",0,1,"",""
"LogicalModelSenologie.Pathologie.BefundDCIS.pT","LogicalModelSenologie.Pathologie.BefundDCIS.pT","","","",0,1,"","","","CodeableConcept {[]} {[]}
","T (DCIS)","T-Kategorie für DCIS (typ. pTis)","","","","","","","","","",,,,,"",,,,"LogicalModelSenologie.Pathologie.BefundDCIS.pT",0,1,"",""
"LogicalModelSenologie.Pathologie.BefundDCIS.cN","LogicalModelSenologie.Pathologie.BefundDCIS.cN","","","",0,1,"","","","CodeableConcept {[]} {[]}
","cN (DCIS)","Klinische N-Kategorie","","","","","","","","","",,,,,"",,,,"LogicalModelSenologie.Pathologie.BefundDCIS.cN",0,1,"",""
"LogicalModelSenologie.Pathologie.BefundDCIS.pN","LogicalModelSenologie.Pathologie.BefundDCIS.pN","","","",0,1,"","","","CodeableConcept {[]} {[]}
","pN (DCIS)","Pathologische N-Kategorie","","","","","","","","","",,,,,"",,,,"LogicalModelSenologie.Pathologie.BefundDCIS.pN",0,1,"",""
"LogicalModelSenologie.Pathologie.BefundDCIS.y","LogicalModelSenologie.Pathologie.BefundDCIS.y","","","",0,1,"","","","boolean {[]} {[]}
","y-Präfix","Nach neoadjuvanter Therapie","","","","","","","","","",,,,,"",,,,"LogicalModelSenologie.Pathologie.BefundDCIS.y",0,1,"",""
"LogicalModelSenologie.Pathologie.BefundDCIS.r","LogicalModelSenologie.Pathologie.BefundDCIS.r","","","",0,1,"","","","boolean {[]} {[]}
","r-Präfix","Rezidiv-Befund","","","","","","","","","",,,,,"",,,,"LogicalModelSenologie.Pathologie.BefundDCIS.r",0,1,"",""
"LogicalModelSenologie.Pathologie.BefundDCIS.R","LogicalModelSenologie.Pathologie.BefundDCIS.R","","","",0,1,"","","","CodeableConcept {[]} {[]}
","R-Status (DCIS)","Residualstatus DCIS","","","","","","","","","",,,,,"",,,,"LogicalModelSenologie.Pathologie.BefundDCIS.R",0,1,"",""
"LogicalModelSenologie.Pathologie.BefundDCIS.Resektionsraender","LogicalModelSenologie.Pathologie.BefundDCIS.Resektionsraender","","","",0,1,"","","","BackboneElement {[]} {[]}
","Resektionsränder DCIS","Abstände zu Resektionsrändern in mm","","","","","","","","","",,,,,"",,,,"LogicalModelSenologie.Pathologie.BefundDCIS.Resektionsraender",0,1,"","ele-1:All FHIR elements must have a @value or children {hasValue() or (children().count() > id.count())}
"
"LogicalModelSenologie.Pathologie.BefundDCIS.Resektionsraender.id","LogicalModelSenologie.Pathologie.BefundDCIS.Resektionsraender.id","","","",0,1,"","","","string {[]} {[]}
","Unique id for inter-element referencing","Unique id for the element within a resource (for internal references). This may be any string value that does not contain spaces.","","","","","","","","","",,,,,"",,,,"Element.id",0,1,"","","n/a"
"LogicalModelSenologie.Pathologie.BefundDCIS.Resektionsraender.extension","LogicalModelSenologie.Pathologie.BefundDCIS.Resektionsraender.extension","","extensions
user content","",0,*,"","","","Extension {[]} {[]}
","Additional content defined by implementations","May be used to represent additional information that is not part of the basic definition of the element. To make the use of extensions safe and manageable, there is a strict set of governance  applied to the definition and use of extensions. Though any implementer can define an extension, there is a set of requirements that SHALL be met as part of the definition of the extension.","There can be no stigma associated with the use of extensions by any application, project, or standard - regardless of the institution or jurisdiction that uses or defines the extensions.  The use of extensions is what allows the FHIR specification to retain a core level of simplicity for everyone.","","","","","","","","",,,,,"","value:url}
","Extensions are always sliced by (at least) url",,"open","Element.extension",0,*,"","ele-1:All FHIR elements must have a @value or children {hasValue() or (children().count() > id.count())}
ext-1:Must have either extensions or value[x], not both {extension.exists() != value.exists()}","n/a"
"LogicalModelSenologie.Pathologie.BefundDCIS.Resektionsraender.modifierExtension","LogicalModelSenologie.Pathologie.BefundDCIS.Resektionsraender.modifierExtension","","extensions
user contentmodifiers","",0,*,"","Y","Y","Extension {[]} {[]}
","Extensions that cannot be ignored even if unrecognized","May be used to represent additional information that is not part of the basic definition of the element and that modifies the understanding of the element in which it is contained and/or the understanding of the containing element's descendants. Usually modifier elements provide negation or qualification. To make the use of extensions safe and manageable, there is a strict set of governance applied to the definition and use of extensions. Though any implementer can define an extension, there is a set of requirements that SHALL be met as part of the definition of the extension. Applications processing a resource are required to check for modifier extensions.

Modifier extensions SHALL NOT change the meaning of any elements on Resource or DomainResource (including cannot change the meaning of modifierExtension itself).","There can be no stigma associated with the use of extensions by any application, project, or standard - regardless of the institution or jurisdiction that uses or defines the extensions.  The use of extensions is what allows the FHIR specification to retain a core level of simplicity for everyone.","Modifier extensions allow for extensions that *cannot* be safely ignored to be clearly distinguished from the vast majority of extensions which can be safely ignored.  This promotes interoperability by eliminating the need for implementers to prohibit the presence of extensions. For further information, see the [definition of modifier extensions](http://hl7.org/fhir/R4/extensibility.html#modifierExtension).","","","","","","","",,,,,"",,,,"BackboneElement.modifierExtension",0,*,"","ele-1:All FHIR elements must have a @value or children {hasValue() or (children().count() > id.count())}
ext-1:Must have either extensions or value[x], not both {extension.exists() != value.exists()}","N/A"
"LogicalModelSenologie.Pathologie.BefundDCIS.Resektionsraender.Anterior","LogicalModelSenologie.Pathologie.BefundDCIS.Resektionsraender.Anterior","","","",0,1,"","","","Quantity {[]} {[]}
","anterior","Abstand anterior","","","","","","","","","",,,,,"",,,,"LogicalModelSenologie.Pathologie.BefundDCIS.Resektionsraender.Anterior",0,1,"",""
"LogicalModelSenologie.Pathologie.BefundDCIS.Resektionsraender.Posterior","LogicalModelSenologie.Pathologie.BefundDCIS.Resektionsraender.Posterior","","","",0,1,"","","","Quantity {[]} {[]}
","posterior","Abstand posterior","","","","","","","","","",,,,,"",,,,"LogicalModelSenologie.Pathologie.BefundDCIS.Resektionsraender.Posterior",0,1,"",""
"LogicalModelSenologie.Pathologie.BefundDCIS.Resektionsraender.Superior","LogicalModelSenologie.Pathologie.BefundDCIS.Resektionsraender.Superior","","","",0,1,"","","","Quantity {[]} {[]}
","superior","Abstand superior","","","","","","","","","",,,,,"",,,,"LogicalModelSenologie.Pathologie.BefundDCIS.Resektionsraender.Superior",0,1,"",""
"LogicalModelSenologie.Pathologie.BefundDCIS.Resektionsraender.Inferior","LogicalModelSenologie.Pathologie.BefundDCIS.Resektionsraender.Inferior","","","",0,1,"","","","Quantity {[]} {[]}
","inferior","Abstand inferior","","","","","","","","","",,,,,"",,,,"LogicalModelSenologie.Pathologie.BefundDCIS.Resektionsraender.Inferior",0,1,"",""
"LogicalModelSenologie.Pathologie.BefundDCIS.Resektionsraender.Medial","LogicalModelSenologie.Pathologie.BefundDCIS.Resektionsraender.Medial","","","",0,1,"","","","Quantity {[]} {[]}
","medial","Abstand medial","","","","","","","","","",,,,,"",,,,"LogicalModelSenologie.Pathologie.BefundDCIS.Resektionsraender.Medial",0,1,"",""
"LogicalModelSenologie.Pathologie.BefundDCIS.Resektionsraender.Lateral","LogicalModelSenologie.Pathologie.BefundDCIS.Resektionsraender.Lateral","","","",0,1,"","","","Quantity {[]} {[]}
","lateral","Abstand lateral","","","","","","","","","",,,,,"",,,,"LogicalModelSenologie.Pathologie.BefundDCIS.Resektionsraender.Lateral",0,1,"",""
"LogicalModelSenologie.Pathologie.BefundDCIS.Biomarker","LogicalModelSenologie.Pathologie.BefundDCIS.Biomarker","","","",0,1,"","","","BackboneElement {[]} {[]}
","Biomarker DCIS","Tumor-Biomarker DCIS","","","","","","","","","",,,,,"",,,,"LogicalModelSenologie.Pathologie.BefundDCIS.Biomarker",0,1,"","ele-1:All FHIR elements must have a @value or children {hasValue() or (children().count() > id.count())}
"
"LogicalModelSenologie.Pathologie.BefundDCIS.Biomarker.id","LogicalModelSenologie.Pathologie.BefundDCIS.Biomarker.id","","","",0,1,"","","","string {[]} {[]}
","Unique id for inter-element referencing","Unique id for the element within a resource (for internal references). This may be any string value that does not contain spaces.","","","","","","","","","",,,,,"",,,,"Element.id",0,1,"","","n/a"
"LogicalModelSenologie.Pathologie.BefundDCIS.Biomarker.extension","LogicalModelSenologie.Pathologie.BefundDCIS.Biomarker.extension","","extensions
user content","",0,*,"","","","Extension {[]} {[]}
","Additional content defined by implementations","May be used to represent additional information that is not part of the basic definition of the element. To make the use of extensions safe and manageable, there is a strict set of governance  applied to the definition and use of extensions. Though any implementer can define an extension, there is a set of requirements that SHALL be met as part of the definition of the extension.","There can be no stigma associated with the use of extensions by any application, project, or standard - regardless of the institution or jurisdiction that uses or defines the extensions.  The use of extensions is what allows the FHIR specification to retain a core level of simplicity for everyone.","","","","","","","","",,,,,"","value:url}
","Extensions are always sliced by (at least) url",,"open","Element.extension",0,*,"","ele-1:All FHIR elements must have a @value or children {hasValue() or (children().count() > id.count())}
ext-1:Must have either extensions or value[x], not both {extension.exists() != value.exists()}","n/a"
"LogicalModelSenologie.Pathologie.BefundDCIS.Biomarker.modifierExtension","LogicalModelSenologie.Pathologie.BefundDCIS.Biomarker.modifierExtension","","extensions
user contentmodifiers","",0,*,"","Y","Y","Extension {[]} {[]}
","Extensions that cannot be ignored even if unrecognized","May be used to represent additional information that is not part of the basic definition of the element and that modifies the understanding of the element in which it is contained and/or the understanding of the containing element's descendants. Usually modifier elements provide negation or qualification. To make the use of extensions safe and manageable, there is a strict set of governance applied to the definition and use of extensions. Though any implementer can define an extension, there is a set of requirements that SHALL be met as part of the definition of the extension. Applications processing a resource are required to check for modifier extensions.

Modifier extensions SHALL NOT change the meaning of any elements on Resource or DomainResource (including cannot change the meaning of modifierExtension itself).","There can be no stigma associated with the use of extensions by any application, project, or standard - regardless of the institution or jurisdiction that uses or defines the extensions.  The use of extensions is what allows the FHIR specification to retain a core level of simplicity for everyone.","Modifier extensions allow for extensions that *cannot* be safely ignored to be clearly distinguished from the vast majority of extensions which can be safely ignored.  This promotes interoperability by eliminating the need for implementers to prohibit the presence of extensions. For further information, see the [definition of modifier extensions](http://hl7.org/fhir/R4/extensibility.html#modifierExtension).","","","","","","","",,,,,"",,,,"BackboneElement.modifierExtension",0,*,"","ele-1:All FHIR elements must have a @value or children {hasValue() or (children().count() > id.count())}
ext-1:Must have either extensions or value[x], not both {extension.exists() != value.exists()}","N/A"
"LogicalModelSenologie.Pathologie.BefundDCIS.Biomarker.ER","LogicalModelSenologie.Pathologie.BefundDCIS.Biomarker.ER","","","",0,1,"","","","CodeableConcept {[]} {[]}
","ER-Status DCIS","Östrogenrezeptor","","","","","","","","","",,,,,"",,,,"LogicalModelSenologie.Pathologie.BefundDCIS.Biomarker.ER",0,1,"",""
"LogicalModelSenologie.Pathologie.BefundDCIS.Biomarker.PR","LogicalModelSenologie.Pathologie.BefundDCIS.Biomarker.PR","","","",0,1,"","","","CodeableConcept {[]} {[]}
","PR-Status DCIS","Progesteronrezeptor","","","","","","","","","",,,,,"",,,,"LogicalModelSenologie.Pathologie.BefundDCIS.Biomarker.PR",0,1,"",""
"LogicalModelSenologie.Pathologie.BefundDCIS.Biomarker.HER2neu","LogicalModelSenologie.Pathologie.BefundDCIS.Biomarker.HER2neu","","","",0,1,"","","","CodeableConcept {[]} {[]}
","HER2neu DCIS","HER2neu-Status","","","","","","","","","",,,,,"",,,,"LogicalModelSenologie.Pathologie.BefundDCIS.Biomarker.HER2neu",0,1,"",""
"LogicalModelSenologie.Pathologie.BefundDCIS.Biomarker.HER2ISH","LogicalModelSenologie.Pathologie.BefundDCIS.Biomarker.HER2ISH","","","",0,1,"","","","CodeableConcept {[]} {[]}
","HER2 ISH DCIS","HER2 In-Situ-Hybridisierung","","","","","","","","","",,,,,"",,,,"LogicalModelSenologie.Pathologie.BefundDCIS.Biomarker.HER2ISH",0,1,"",""
"LogicalModelSenologie.Pathologie.BefundDCIS.Biomarker.Ki67","LogicalModelSenologie.Pathologie.BefundDCIS.Biomarker.Ki67","","","",0,1,"","","","Quantity {[]} {[]}
","Ki-67 DCIS","Ki-67 Proliferationsindex in Prozent","","","","","","","","","",,,,,"",,,,"LogicalModelSenologie.Pathologie.BefundDCIS.Biomarker.Ki67",0,1,"",""
"LogicalModelSenologie.Pathologie.M","LogicalModelSenologie.Pathologie.M","","","",0,1,"","","","CodeableConcept {[]} {[]}
","M-Kategorie","Pathologische M-Klassifikation (gilt für BC und DCIS)","","","","","","","","","",,,,,"",,,,"LogicalModelSenologie.Pathologie.M",0,1,"","","7.3 TNM pM","O:PM","pTNM_M","MII_PR_Onko_TNM_Klassifikation (Observation, pTNM)"
"LogicalModelSenologie.Pathologie.DetailM","LogicalModelSenologie.Pathologie.DetailM","","","",0,1,"","","","string {[]} {[]}
","Detail M","Details zur M-Klassifikation","","","","","","","","","",,,,,"",,,,"LogicalModelSenologie.Pathologie.DetailM",0,1,"",""
"LogicalModelSenologie.Pathologie.UICC","LogicalModelSenologie.Pathologie.UICC","","","",0,1,"","","","CodeableConcept {[]} {[]}
","UICC-Stadium","Pathologisches UICC-Gesamtstadium","","","","","","","","","",,,,,"",,,,"LogicalModelSenologie.Pathologie.UICC",0,1,"","","7.6 TNM UICC-Stadium","O:UICCPATHO","pTNM_UICC"
"LogicalModelSenologie.Pathologie.LymphknotenUntersucht","LogicalModelSenologie.Pathologie.LymphknotenUntersucht","","","",0,1,"","","","integer {[]} {[]}
","Lymphknoten untersucht","Anzahl untersuchter LK","","","","","","","","","",,,,,"",,,,"LogicalModelSenologie.Pathologie.LymphknotenUntersucht",0,1,"","","6.6 Zahl untersuchter Lymphknoten","O:LKUNTERSUCHT","LK_Untersucht"
"LogicalModelSenologie.Pathologie.LymphknotenBefallen","LogicalModelSenologie.Pathologie.LymphknotenBefallen","","","",0,1,"","","","integer {[]} {[]}
","Lymphknoten befallen","Anzahl befallener LK","","","","","","","","","",,,,,"",,,,"LogicalModelSenologie.Pathologie.LymphknotenBefallen",0,1,"","","6.7 Zahl befallener Lymphknoten","O:LKBEFALLEN","LK_Befallen"
"LogicalModelSenologie.Pathologie.SentinelUntersucht","LogicalModelSenologie.Pathologie.SentinelUntersucht","","","",0,1,"","","","integer {[]} {[]}
","Sentinel-LK untersucht","Anzahl untersuchter Sentinel-LK","","","","","","","","","",,,,,"",,,,"LogicalModelSenologie.Pathologie.SentinelUntersucht",0,1,"","","6.8 Zahl untersuchter Sentinel-Lymphknoten","O:SLKUNTERSUCHT","SLK_Untersucht"
"LogicalModelSenologie.Pathologie.SentinelBefallen","LogicalModelSenologie.Pathologie.SentinelBefallen","","","",0,1,"","","","integer {[]} {[]}
","Sentinel-LK befallen","Anzahl befallener Sentinel-LK","","","","","","","","","",,,,,"",,,,"LogicalModelSenologie.Pathologie.SentinelBefallen",0,1,"","","6.9 Zahl befallener Sentinel-Lymphknoten","O:SLKBEFALLEN","SLK_Befallen"
"LogicalModelSenologie.Pathologie.LKRatioText","LogicalModelSenologie.Pathologie.LKRatioText","","","",0,1,"","","","string {[]} {[]}
","LK-Ratio (+LK/LK insg)","Verhältnis befallene/untersuchte LK","","","","","","","","","",,,,,"",,,,"LogicalModelSenologie.Pathologie.LKRatioText",0,1,"",""
"LogicalModelSenologie.Pathologie.CPSEGScore","LogicalModelSenologie.Pathologie.CPSEGScore","","","",0,1,"","","","Quantity {[]} {[]}
","CPS-EG-Score","CPS-EG Score (MD Anderson)","","","","","","","","","",,,,,"",,,,"LogicalModelSenologie.Pathologie.CPSEGScore",0,1,"",""
"LogicalModelSenologie.Pathologie.AbsoluterChemoNutzen","LogicalModelSenologie.Pathologie.AbsoluterChemoNutzen","","","",0,1,"","","","Quantity {[]} {[]}
","Absoluter Chemotherapie-Nutzen","Prognostischer Nutzen einer Chemotherapie","","","","","","","","","",,,,,"",,,,"LogicalModelSenologie.Pathologie.AbsoluterChemoNutzen",0,1,"",""
"LogicalModelSenologie.Pathologie.Befundtext","LogicalModelSenologie.Pathologie.Befundtext","","","",0,1,"","","","string {[]} {[]}
","Befundtext","Gesamtbeurteilung des Pathologen","","","","","","","","","",,,,,"",,,,"LogicalModelSenologie.Pathologie.Befundtext",0,1,"",""
"LogicalModelSenologie.Pathologie.Sonstiges","LogicalModelSenologie.Pathologie.Sonstiges","","","",0,1,"","","","string {[]} {[]}
","Sonstiges","Sonstige Befundaspekte","","","","","","","","","",,,,,"",,,,"LogicalModelSenologie.Pathologie.Sonstiges",0,1,"",""
"LogicalModelSenologie.Genetik","LogicalModelSenologie.Genetik","","","",0,1,"","","","BackboneElement {[]} {[]}
","Genetische Diagnostik","Genetische Diagnostik","","","","","","","","","",,,,,"",,,,"LogicalModelSenologie.Genetik",0,1,"","ele-1:All FHIR elements must have a @value or children {hasValue() or (children().count() > id.count())}
"
"LogicalModelSenologie.Genetik.id","LogicalModelSenologie.Genetik.id","","","",0,1,"","","","string {[]} {[]}
","Unique id for inter-element referencing","Unique id for the element within a resource (for internal references). This may be any string value that does not contain spaces.","","","","","","","","","",,,,,"",,,,"Element.id",0,1,"","","n/a"
"LogicalModelSenologie.Genetik.extension","LogicalModelSenologie.Genetik.extension","","extensions
user content","",0,*,"","","","Extension {[]} {[]}
","Additional content defined by implementations","May be used to represent additional information that is not part of the basic definition of the element. To make the use of extensions safe and manageable, there is a strict set of governance  applied to the definition and use of extensions. Though any implementer can define an extension, there is a set of requirements that SHALL be met as part of the definition of the extension.","There can be no stigma associated with the use of extensions by any application, project, or standard - regardless of the institution or jurisdiction that uses or defines the extensions.  The use of extensions is what allows the FHIR specification to retain a core level of simplicity for everyone.","","","","","","","","",,,,,"","value:url}
","Extensions are always sliced by (at least) url",,"open","Element.extension",0,*,"","ele-1:All FHIR elements must have a @value or children {hasValue() or (children().count() > id.count())}
ext-1:Must have either extensions or value[x], not both {extension.exists() != value.exists()}","n/a"
"LogicalModelSenologie.Genetik.modifierExtension","LogicalModelSenologie.Genetik.modifierExtension","","extensions
user contentmodifiers","",0,*,"","Y","Y","Extension {[]} {[]}
","Extensions that cannot be ignored even if unrecognized","May be used to represent additional information that is not part of the basic definition of the element and that modifies the understanding of the element in which it is contained and/or the understanding of the containing element's descendants. Usually modifier elements provide negation or qualification. To make the use of extensions safe and manageable, there is a strict set of governance applied to the definition and use of extensions. Though any implementer can define an extension, there is a set of requirements that SHALL be met as part of the definition of the extension. Applications processing a resource are required to check for modifier extensions.

Modifier extensions SHALL NOT change the meaning of any elements on Resource or DomainResource (including cannot change the meaning of modifierExtension itself).","There can be no stigma associated with the use of extensions by any application, project, or standard - regardless of the institution or jurisdiction that uses or defines the extensions.  The use of extensions is what allows the FHIR specification to retain a core level of simplicity for everyone.","Modifier extensions allow for extensions that *cannot* be safely ignored to be clearly distinguished from the vast majority of extensions which can be safely ignored.  This promotes interoperability by eliminating the need for implementers to prohibit the presence of extensions. For further information, see the [definition of modifier extensions](http://hl7.org/fhir/R4/extensibility.html#modifierExtension).","","","","","","","",,,,,"",,,,"BackboneElement.modifierExtension",0,*,"","ele-1:All FHIR elements must have a @value or children {hasValue() or (children().count() > id.count())}
ext-1:Must have either extensions or value[x], not both {extension.exists() != value.exists()}","N/A"
"LogicalModelSenologie.Genetik.SomatischeMutation","LogicalModelSenologie.Genetik.SomatischeMutation","","","",0,*,"","","","BackboneElement {[]} {[]}
","Somatische Mutation","Tumorgewebemutation","","","","","","","","","",,,,,"",,,,"LogicalModelSenologie.Genetik.SomatischeMutation",0,*,"","ele-1:All FHIR elements must have a @value or children {hasValue() or (children().count() > id.count())}
","Senologie_Somatische_Mutation (Observation)"
"LogicalModelSenologie.Genetik.SomatischeMutation.id","LogicalModelSenologie.Genetik.SomatischeMutation.id","","","",0,1,"","","","string {[]} {[]}
","Unique id for inter-element referencing","Unique id for the element within a resource (for internal references). This may be any string value that does not contain spaces.","","","","","","","","","",,,,,"",,,,"Element.id",0,1,"","","n/a"
"LogicalModelSenologie.Genetik.SomatischeMutation.extension","LogicalModelSenologie.Genetik.SomatischeMutation.extension","","extensions
user content","",0,*,"","","","Extension {[]} {[]}
","Additional content defined by implementations","May be used to represent additional information that is not part of the basic definition of the element. To make the use of extensions safe and manageable, there is a strict set of governance  applied to the definition and use of extensions. Though any implementer can define an extension, there is a set of requirements that SHALL be met as part of the definition of the extension.","There can be no stigma associated with the use of extensions by any application, project, or standard - regardless of the institution or jurisdiction that uses or defines the extensions.  The use of extensions is what allows the FHIR specification to retain a core level of simplicity for everyone.","","","","","","","","",,,,,"","value:url}
","Extensions are always sliced by (at least) url",,"open","Element.extension",0,*,"","ele-1:All FHIR elements must have a @value or children {hasValue() or (children().count() > id.count())}
ext-1:Must have either extensions or value[x], not both {extension.exists() != value.exists()}","n/a"
"LogicalModelSenologie.Genetik.SomatischeMutation.modifierExtension","LogicalModelSenologie.Genetik.SomatischeMutation.modifierExtension","","extensions
user contentmodifiers","",0,*,"","Y","Y","Extension {[]} {[]}
","Extensions that cannot be ignored even if unrecognized","May be used to represent additional information that is not part of the basic definition of the element and that modifies the understanding of the element in which it is contained and/or the understanding of the containing element's descendants. Usually modifier elements provide negation or qualification. To make the use of extensions safe and manageable, there is a strict set of governance applied to the definition and use of extensions. Though any implementer can define an extension, there is a set of requirements that SHALL be met as part of the definition of the extension. Applications processing a resource are required to check for modifier extensions.

Modifier extensions SHALL NOT change the meaning of any elements on Resource or DomainResource (including cannot change the meaning of modifierExtension itself).","There can be no stigma associated with the use of extensions by any application, project, or standard - regardless of the institution or jurisdiction that uses or defines the extensions.  The use of extensions is what allows the FHIR specification to retain a core level of simplicity for everyone.","Modifier extensions allow for extensions that *cannot* be safely ignored to be clearly distinguished from the vast majority of extensions which can be safely ignored.  This promotes interoperability by eliminating the need for implementers to prohibit the presence of extensions. For further information, see the [definition of modifier extensions](http://hl7.org/fhir/R4/extensibility.html#modifierExtension).","","","","","","","",,,,,"",,,,"BackboneElement.modifierExtension",0,*,"","ele-1:All FHIR elements must have a @value or children {hasValue() or (children().count() > id.count())}
ext-1:Must have either extensions or value[x], not both {extension.exists() != value.exists()}","N/A"
"LogicalModelSenologie.Genetik.SomatischeMutation.Gen","LogicalModelSenologie.Genetik.SomatischeMutation.Gen","","","",1,1,"","","","CodeableConcept {[]} {[]}
","Gen","BRCA1, BRCA2, PALB2 etc.","","","","","","","","","",,,,,"",,,,"LogicalModelSenologie.Genetik.SomatischeMutation.Gen",1,1,"",""
"LogicalModelSenologie.Genetik.SomatischeMutation.Ergebnis","LogicalModelSenologie.Genetik.SomatischeMutation.Ergebnis","","","",0,1,"","","","CodeableConcept {[]} {[]}
","Ergebnis","Mutation/Wildtyp/nicht bestimmbar","","","","","","","","","",,,,,"",,,,"LogicalModelSenologie.Genetik.SomatischeMutation.Ergebnis",0,1,"",""
"LogicalModelSenologie.Genetik.Genexpressionstest","LogicalModelSenologie.Genetik.Genexpressionstest","","","",0,*,"","","","BackboneElement {[]} {[]}
","Genexpressionstest","Oncotype DX, MammaPrint, Prosigna, EndoPredict","","","","","","","","","",,,,,"",,,,"LogicalModelSenologie.Genetik.Genexpressionstest",0,*,"","ele-1:All FHIR elements must have a @value or children {hasValue() or (children().count() > id.count())}
","Senologie_Genexpressionstest (Observation) + Senologie_Genexpressions_Score"
"LogicalModelSenologie.Genetik.Genexpressionstest.id","LogicalModelSenologie.Genetik.Genexpressionstest.id","","","",0,1,"","","","string {[]} {[]}
","Unique id for inter-element referencing","Unique id for the element within a resource (for internal references). This may be any string value that does not contain spaces.","","","","","","","","","",,,,,"",,,,"Element.id",0,1,"","","n/a"
"LogicalModelSenologie.Genetik.Genexpressionstest.extension","LogicalModelSenologie.Genetik.Genexpressionstest.extension","","extensions
user content","",0,*,"","","","Extension {[]} {[]}
","Additional content defined by implementations","May be used to represent additional information that is not part of the basic definition of the element. To make the use of extensions safe and manageable, there is a strict set of governance  applied to the definition and use of extensions. Though any implementer can define an extension, there is a set of requirements that SHALL be met as part of the definition of the extension.","There can be no stigma associated with the use of extensions by any application, project, or standard - regardless of the institution or jurisdiction that uses or defines the extensions.  The use of extensions is what allows the FHIR specification to retain a core level of simplicity for everyone.","","","","","","","","",,,,,"","value:url}
","Extensions are always sliced by (at least) url",,"open","Element.extension",0,*,"","ele-1:All FHIR elements must have a @value or children {hasValue() or (children().count() > id.count())}
ext-1:Must have either extensions or value[x], not both {extension.exists() != value.exists()}","n/a"
"LogicalModelSenologie.Genetik.Genexpressionstest.modifierExtension","LogicalModelSenologie.Genetik.Genexpressionstest.modifierExtension","","extensions
user contentmodifiers","",0,*,"","Y","Y","Extension {[]} {[]}
","Extensions that cannot be ignored even if unrecognized","May be used to represent additional information that is not part of the basic definition of the element and that modifies the understanding of the element in which it is contained and/or the understanding of the containing element's descendants. Usually modifier elements provide negation or qualification. To make the use of extensions safe and manageable, there is a strict set of governance applied to the definition and use of extensions. Though any implementer can define an extension, there is a set of requirements that SHALL be met as part of the definition of the extension. Applications processing a resource are required to check for modifier extensions.

Modifier extensions SHALL NOT change the meaning of any elements on Resource or DomainResource (including cannot change the meaning of modifierExtension itself).","There can be no stigma associated with the use of extensions by any application, project, or standard - regardless of the institution or jurisdiction that uses or defines the extensions.  The use of extensions is what allows the FHIR specification to retain a core level of simplicity for everyone.","Modifier extensions allow for extensions that *cannot* be safely ignored to be clearly distinguished from the vast majority of extensions which can be safely ignored.  This promotes interoperability by eliminating the need for implementers to prohibit the presence of extensions. For further information, see the [definition of modifier extensions](http://hl7.org/fhir/R4/extensibility.html#modifierExtension).","","","","","","","",,,,,"",,,,"BackboneElement.modifierExtension",0,*,"","ele-1:All FHIR elements must have a @value or children {hasValue() or (children().count() > id.count())}
ext-1:Must have either extensions or value[x], not both {extension.exists() != value.exists()}","N/A"
"LogicalModelSenologie.Genetik.Genexpressionstest.Testmethode","LogicalModelSenologie.Genetik.Genexpressionstest.Testmethode","","","",1,1,"","","","CodeableConcept {[]} {[]}
","Testmethode","Art des Genexpressionstests","","","","","","","","","",,,,,"",,,,"LogicalModelSenologie.Genetik.Genexpressionstest.Testmethode",1,1,"",""
"LogicalModelSenologie.Genetik.Genexpressionstest.Score","LogicalModelSenologie.Genetik.Genexpressionstest.Score","","","",0,1,"","","","Quantity {[]} {[]}
","Score","Numerischer Score-Wert","","","","","","","","","",,,,,"",,,,"LogicalModelSenologie.Genetik.Genexpressionstest.Score",0,1,"",""
"LogicalModelSenologie.Genetik.Genexpressionstest.Risikoklasse","LogicalModelSenologie.Genetik.Genexpressionstest.Risikoklasse","","","",0,1,"","","","CodeableConcept {[]} {[]}
","Risikoklasse","Niedrig/mittel/hoch","","","","","","","","","",,,,,"",,,,"LogicalModelSenologie.Genetik.Genexpressionstest.Risikoklasse",0,1,"",""
"LogicalModelSenologie.Genetik.Genexpressionstest.Fernrezidivrisiko","LogicalModelSenologie.Genetik.Genexpressionstest.Fernrezidivrisiko","","","",0,1,"","","","decimal {[]} {[]}
","Fernrezidivrisiko","Rezidivrisiko in Prozent","","","","","","","","","",,,,,"",,,,"LogicalModelSenologie.Genetik.Genexpressionstest.Fernrezidivrisiko",0,1,"",""
"LogicalModelSenologie.Operationsplanung","LogicalModelSenologie.Operationsplanung","","","",0,1,"","","","BackboneElement {[]} {[]}
","Operationsplanung","Operationsplanung","","","","","","","","","",,,,,"",,,,"LogicalModelSenologie.Operationsplanung",0,1,"","ele-1:All FHIR elements must have a @value or children {hasValue() or (children().count() > id.count())}
","Senologie_OP_Planung (ServiceRequest)"
"LogicalModelSenologie.Operationsplanung.id","LogicalModelSenologie.Operationsplanung.id","","","",0,1,"","","","string {[]} {[]}
","Unique id for inter-element referencing","Unique id for the element within a resource (for internal references). This may be any string value that does not contain spaces.","","","","","","","","","",,,,,"",,,,"Element.id",0,1,"","","n/a"
"LogicalModelSenologie.Operationsplanung.extension","LogicalModelSenologie.Operationsplanung.extension","","extensions
user content","",0,*,"","","","Extension {[]} {[]}
","Additional content defined by implementations","May be used to represent additional information that is not part of the basic definition of the element. To make the use of extensions safe and manageable, there is a strict set of governance  applied to the definition and use of extensions. Though any implementer can define an extension, there is a set of requirements that SHALL be met as part of the definition of the extension.","There can be no stigma associated with the use of extensions by any application, project, or standard - regardless of the institution or jurisdiction that uses or defines the extensions.  The use of extensions is what allows the FHIR specification to retain a core level of simplicity for everyone.","","","","","","","","",,,,,"","value:url}
","Extensions are always sliced by (at least) url",,"open","Element.extension",0,*,"","ele-1:All FHIR elements must have a @value or children {hasValue() or (children().count() > id.count())}
ext-1:Must have either extensions or value[x], not both {extension.exists() != value.exists()}","n/a"
"LogicalModelSenologie.Operationsplanung.modifierExtension","LogicalModelSenologie.Operationsplanung.modifierExtension","","extensions
user contentmodifiers","",0,*,"","Y","Y","Extension {[]} {[]}
","Extensions that cannot be ignored even if unrecognized","May be used to represent additional information that is not part of the basic definition of the element and that modifies the understanding of the element in which it is contained and/or the understanding of the containing element's descendants. Usually modifier elements provide negation or qualification. To make the use of extensions safe and manageable, there is a strict set of governance applied to the definition and use of extensions. Though any implementer can define an extension, there is a set of requirements that SHALL be met as part of the definition of the extension. Applications processing a resource are required to check for modifier extensions.

Modifier extensions SHALL NOT change the meaning of any elements on Resource or DomainResource (including cannot change the meaning of modifierExtension itself).","There can be no stigma associated with the use of extensions by any application, project, or standard - regardless of the institution or jurisdiction that uses or defines the extensions.  The use of extensions is what allows the FHIR specification to retain a core level of simplicity for everyone.","Modifier extensions allow for extensions that *cannot* be safely ignored to be clearly distinguished from the vast majority of extensions which can be safely ignored.  This promotes interoperability by eliminating the need for implementers to prohibit the presence of extensions. For further information, see the [definition of modifier extensions](http://hl7.org/fhir/R4/extensibility.html#modifierExtension).","","","","","","","",,,,,"",,,,"BackboneElement.modifierExtension",0,*,"","ele-1:All FHIR elements must have a @value or children {hasValue() or (children().count() > id.count())}
ext-1:Must have either extensions or value[x], not both {extension.exists() != value.exists()}","N/A"
"LogicalModelSenologie.Operationsplanung.GeplanteOP","LogicalModelSenologie.Operationsplanung.GeplanteOP","","","",0,1,"","","","CodeableConcept {[]} {[]}
","Geplante OP","Art der geplanten Operation","","","","","","","","","",,,,,"",,,,"LogicalModelSenologie.Operationsplanung.GeplanteOP",0,1,"",""
"LogicalModelSenologie.Operationsplanung.Seite","LogicalModelSenologie.Operationsplanung.Seite","","","",0,1,"","","","CodeableConcept {[]} {[]}
","Seite","Geplante Lateralität","","","","","","","","","",,,,,"",,,,"LogicalModelSenologie.Operationsplanung.Seite",0,1,"",""
"LogicalModelSenologie.Operationsplanung.Operateur","LogicalModelSenologie.Operationsplanung.Operateur","","","",0,1,"","","","string {[]} {[]}
","Geplanter Operateur","Geplanter Operateur","","","","","","","","","",,,,,"",,,,"LogicalModelSenologie.Operationsplanung.Operateur",0,1,"",""
"LogicalModelSenologie.Operationsplanung.OPDauer","LogicalModelSenologie.Operationsplanung.OPDauer","","","",0,1,"","","","Quantity {[]} {[]}
","Geplante OP-Dauer","Dauer in Minuten","","","","","","","","","",,,,,"",,,,"LogicalModelSenologie.Operationsplanung.OPDauer",0,1,"",""
"LogicalModelSenologie.Operationsplanung.PraeoperativeMarkierung","LogicalModelSenologie.Operationsplanung.PraeoperativeMarkierung","","","",0,1,"","","","CodeableConcept {[]} {[]}
","Präoperative Markierung","Magnetclip, Draht, Tusche etc.","","","","","","","","","",,,,,"",,,,"LogicalModelSenologie.Operationsplanung.PraeoperativeMarkierung",0,1,"","","BRUST:DRAHT"
"LogicalModelSenologie.Operationsplanung.PraeoperativeBlutabnahme","LogicalModelSenologie.Operationsplanung.PraeoperativeBlutabnahme","","","",0,1,"","","","boolean {[]} {[]}
","Präoperative Blutabnahme","Geplant ja/nein","","","","","","","","","",,,,,"",,,,"LogicalModelSenologie.Operationsplanung.PraeoperativeBlutabnahme",0,1,"",""
"LogicalModelSenologie.Operationsplanung.PraeoperativeAntibiotikatherapie","LogicalModelSenologie.Operationsplanung.PraeoperativeAntibiotikatherapie","","","",0,1,"","","","boolean {[]} {[]}
","Präoperative Antibiotikatherapie","Geplant ja/nein","","","","","","","","","",,,,,"",,,,"LogicalModelSenologie.Operationsplanung.PraeoperativeAntibiotikatherapie",0,1,"",""
"LogicalModelSenologie.Operationsplanung.OPLagerung","LogicalModelSenologie.Operationsplanung.OPLagerung","","","",0,1,"","","","CodeableConcept {[]} {[]}
","OP-Lagerung","Tischanordnung","","","","","","","","","",,,,,"",,,,"LogicalModelSenologie.Operationsplanung.OPLagerung",0,1,"",""
"LogicalModelSenologie.Operation","LogicalModelSenologie.Operation","","","",0,*,"","","","BackboneElement {[]} {[]}
","Operation","Operation","","","","","","","","","",,,,,"",,,,"LogicalModelSenologie.Operation",0,*,"","ele-1:All FHIR elements must have a @value or children {hasValue() or (children().count() > id.count())}
","8 OP","primaerfall.operation","fall.operation","Senologie_BrustOP (Procedure)"
"LogicalModelSenologie.Operation.id","LogicalModelSenologie.Operation.id","","","",0,1,"","","","string {[]} {[]}
","Unique id for inter-element referencing","Unique id for the element within a resource (for internal references). This may be any string value that does not contain spaces.","","","","","","","","","",,,,,"",,,,"Element.id",0,1,"","","n/a"
"LogicalModelSenologie.Operation.extension","LogicalModelSenologie.Operation.extension","","extensions
user content","",0,*,"","","","Extension {[]} {[]}
","Additional content defined by implementations","May be used to represent additional information that is not part of the basic definition of the element. To make the use of extensions safe and manageable, there is a strict set of governance  applied to the definition and use of extensions. Though any implementer can define an extension, there is a set of requirements that SHALL be met as part of the definition of the extension.","There can be no stigma associated with the use of extensions by any application, project, or standard - regardless of the institution or jurisdiction that uses or defines the extensions.  The use of extensions is what allows the FHIR specification to retain a core level of simplicity for everyone.","","","","","","","","",,,,,"","value:url}
","Extensions are always sliced by (at least) url",,"open","Element.extension",0,*,"","ele-1:All FHIR elements must have a @value or children {hasValue() or (children().count() > id.count())}
ext-1:Must have either extensions or value[x], not both {extension.exists() != value.exists()}","n/a"
"LogicalModelSenologie.Operation.modifierExtension","LogicalModelSenologie.Operation.modifierExtension","","extensions
user contentmodifiers","",0,*,"","Y","Y","Extension {[]} {[]}
","Extensions that cannot be ignored even if unrecognized","May be used to represent additional information that is not part of the basic definition of the element and that modifies the understanding of the element in which it is contained and/or the understanding of the containing element's descendants. Usually modifier elements provide negation or qualification. To make the use of extensions safe and manageable, there is a strict set of governance applied to the definition and use of extensions. Though any implementer can define an extension, there is a set of requirements that SHALL be met as part of the definition of the extension. Applications processing a resource are required to check for modifier extensions.

Modifier extensions SHALL NOT change the meaning of any elements on Resource or DomainResource (including cannot change the meaning of modifierExtension itself).","There can be no stigma associated with the use of extensions by any application, project, or standard - regardless of the institution or jurisdiction that uses or defines the extensions.  The use of extensions is what allows the FHIR specification to retain a core level of simplicity for everyone.","Modifier extensions allow for extensions that *cannot* be safely ignored to be clearly distinguished from the vast majority of extensions which can be safely ignored.  This promotes interoperability by eliminating the need for implementers to prohibit the presence of extensions. For further information, see the [definition of modifier extensions](http://hl7.org/fhir/R4/extensibility.html#modifierExtension).","","","","","","","",,,,,"",,,,"BackboneElement.modifierExtension",0,*,"","ele-1:All FHIR elements must have a @value or children {hasValue() or (children().count() > id.count())}
ext-1:Must have either extensions or value[x], not both {extension.exists() != value.exists()}","N/A"
"LogicalModelSenologie.Operation.Art","LogicalModelSenologie.Operation.Art","","","",1,1,"","","","CodeableConcept {[]} {[]}
","Art der Operation","OPS- und SNOMED-codiert","","","","","","","","","",,,,,"",,,,"LogicalModelSenologie.Operation.Art",1,1,"","","8.3 OPS-Schlüssel","O:OPSCHLUESSEL / O:OPART","Op_Art"
"LogicalModelSenologie.Operation.Datum","LogicalModelSenologie.Operation.Datum","","","",0,1,"","","","dateTime {[]} {[]}
","Operationsdatum","Datum der Operation","","","","","","","","","",,,,,"",,,,"LogicalModelSenologie.Operation.Datum",0,1,"","","8.4 OP-Datum","O:OPDATUM","Op_Datum","OPE_Datum"
"LogicalModelSenologie.Operation.Seite","LogicalModelSenologie.Operation.Seite","","","",0,1,"","","","CodeableConcept {[]} {[]}
","Seite","Lateralität","","","","","","","","","",,,,,"",,,,"LogicalModelSenologie.Operation.Seite",0,1,"","","O:SEITE","Op_Seite","OPE_SeitenLokalisationSchluessel"
"LogicalModelSenologie.Operation.Intention","LogicalModelSenologie.Operation.Intention","","","",0,1,"","","","CodeableConcept {[]} {[]}
","Intention","Diagnostisch/therapeutisch","","","","","","","","","",,,,,"",,,,"LogicalModelSenologie.Operation.Intention",0,1,"","","8.5 Intention OP"
"LogicalModelSenologie.Operation.Erstoperateur","LogicalModelSenologie.Operation.Erstoperateur","","","",0,1,"","","","Reference {[]} {[]}
","Erstoperateur","Erstoperateur","","","","","","","","","",,,,,"",,,,"LogicalModelSenologie.Operation.Erstoperateur",0,1,"",""
"LogicalModelSenologie.Operation.Zweitoperateur","LogicalModelSenologie.Operation.Zweitoperateur","","","",0,1,"","","","Reference {[]} {[]}
","Zweitoperateur","Zweitoperateur","","","","","","","","","",,,,,"",,,,"LogicalModelSenologie.Operation.Zweitoperateur",0,1,"",""
"LogicalModelSenologie.Operation.PraeoperativeMarkierung","LogicalModelSenologie.Operation.PraeoperativeMarkierung","","","",0,*,"","","","CodeableConcept {[]} {[]}
","Präoperative Markierung","Art der Markierung","","","","","","","","","",,,,,"",,,,"LogicalModelSenologie.Operation.PraeoperativeMarkierung",0,*,"",""
"LogicalModelSenologie.Operation.IntraoperativesImaging","LogicalModelSenologie.Operation.IntraoperativesImaging","","","",0,*,"","","","CodeableConcept {[]} {[]}
","Intraoperatives Imaging","Präparateradiografie etc.","","","","","","","","","",,,,,"",,,,"LogicalModelSenologie.Operation.IntraoperativesImaging",0,*,"",""
"LogicalModelSenologie.Operation.Outcome","LogicalModelSenologie.Operation.Outcome","","","",0,1,"","","","CodeableConcept {[]} {[]}
","Outcome","Ergebnis der Operation","","","","","","","","","",,,,,"",,,,"LogicalModelSenologie.Operation.Outcome",0,1,"",""
"LogicalModelSenologie.Operation.PostoperativeAnordnungen","LogicalModelSenologie.Operation.PostoperativeAnordnungen","","","",0,1,"","","","BackboneElement {[]} {[]}
","Postoperative Anordnungen","Follow-up-Maßnahmen","","","","","","","","","",,,,,"",,,,"LogicalModelSenologie.Operation.PostoperativeAnordnungen",0,1,"","ele-1:All FHIR elements must have a @value or children {hasValue() or (children().count() > id.count())}
"
"LogicalModelSenologie.Operation.PostoperativeAnordnungen.id","LogicalModelSenologie.Operation.PostoperativeAnordnungen.id","","","",0,1,"","","","string {[]} {[]}
","Unique id for inter-element referencing","Unique id for the element within a resource (for internal references). This may be any string value that does not contain spaces.","","","","","","","","","",,,,,"",,,,"Element.id",0,1,"","","n/a"
"LogicalModelSenologie.Operation.PostoperativeAnordnungen.extension","LogicalModelSenologie.Operation.PostoperativeAnordnungen.extension","","extensions
user content","",0,*,"","","","Extension {[]} {[]}
","Additional content defined by implementations","May be used to represent additional information that is not part of the basic definition of the element. To make the use of extensions safe and manageable, there is a strict set of governance  applied to the definition and use of extensions. Though any implementer can define an extension, there is a set of requirements that SHALL be met as part of the definition of the extension.","There can be no stigma associated with the use of extensions by any application, project, or standard - regardless of the institution or jurisdiction that uses or defines the extensions.  The use of extensions is what allows the FHIR specification to retain a core level of simplicity for everyone.","","","","","","","","",,,,,"","value:url}
","Extensions are always sliced by (at least) url",,"open","Element.extension",0,*,"","ele-1:All FHIR elements must have a @value or children {hasValue() or (children().count() > id.count())}
ext-1:Must have either extensions or value[x], not both {extension.exists() != value.exists()}","n/a"
"LogicalModelSenologie.Operation.PostoperativeAnordnungen.modifierExtension","LogicalModelSenologie.Operation.PostoperativeAnordnungen.modifierExtension","","extensions
user contentmodifiers","",0,*,"","Y","Y","Extension {[]} {[]}
","Extensions that cannot be ignored even if unrecognized","May be used to represent additional information that is not part of the basic definition of the element and that modifies the understanding of the element in which it is contained and/or the understanding of the containing element's descendants. Usually modifier elements provide negation or qualification. To make the use of extensions safe and manageable, there is a strict set of governance applied to the definition and use of extensions. Though any implementer can define an extension, there is a set of requirements that SHALL be met as part of the definition of the extension. Applications processing a resource are required to check for modifier extensions.

Modifier extensions SHALL NOT change the meaning of any elements on Resource or DomainResource (including cannot change the meaning of modifierExtension itself).","There can be no stigma associated with the use of extensions by any application, project, or standard - regardless of the institution or jurisdiction that uses or defines the extensions.  The use of extensions is what allows the FHIR specification to retain a core level of simplicity for everyone.","Modifier extensions allow for extensions that *cannot* be safely ignored to be clearly distinguished from the vast majority of extensions which can be safely ignored.  This promotes interoperability by eliminating the need for implementers to prohibit the presence of extensions. For further information, see the [definition of modifier extensions](http://hl7.org/fhir/R4/extensibility.html#modifierExtension).","","","","","","","",,,,,"",,,,"BackboneElement.modifierExtension",0,*,"","ele-1:All FHIR elements must have a @value or children {hasValue() or (children().count() > id.count())}
ext-1:Must have either extensions or value[x], not both {extension.exists() != value.exists()}","N/A"
"LogicalModelSenologie.Operation.PostoperativeAnordnungen.Drainage","LogicalModelSenologie.Operation.PostoperativeAnordnungen.Drainage","","","",0,1,"","","","CodeableConcept {[]} {[]}
","Drainage","Art der Drainage","","","","","","","","","",,,,,"",,,,"LogicalModelSenologie.Operation.PostoperativeAnordnungen.Drainage",0,1,"",""
"LogicalModelSenologie.Operation.PostoperativeAnordnungen.Verband","LogicalModelSenologie.Operation.PostoperativeAnordnungen.Verband","","","",0,1,"","","","CodeableConcept {[]} {[]}
","Verband","Art des Verbandes","","","","","","","","","",,,,,"",,,,"LogicalModelSenologie.Operation.PostoperativeAnordnungen.Verband",0,1,"",""
"LogicalModelSenologie.Operation.PostoperativeAnordnungen.Antibiotika","LogicalModelSenologie.Operation.PostoperativeAnordnungen.Antibiotika","","","",0,1,"","","","CodeableConcept {[]} {[]}
","Antibiotika","Postoperative Antibiotika","","","","","","","","","",,,,,"",,,,"LogicalModelSenologie.Operation.PostoperativeAnordnungen.Antibiotika",0,1,"",""
"LogicalModelSenologie.Operation.PostoperativeAnordnungen.Mobilisation","LogicalModelSenologie.Operation.PostoperativeAnordnungen.Mobilisation","","","",0,1,"","","","CodeableConcept {[]} {[]}
","Mobilisation","Mobilisationsplan","","","","","","","","","",,,,,"",,,,"LogicalModelSenologie.Operation.PostoperativeAnordnungen.Mobilisation",0,1,"",""
"LogicalModelSenologie.Operation.PostoperativeAnordnungen.Laborkontrolle","LogicalModelSenologie.Operation.PostoperativeAnordnungen.Laborkontrolle","","","",0,1,"","","","CodeableConcept {[]} {[]}
","Laborkontrolle","Geplante Laborkontrollen","","","","","","","","","",,,,,"",,,,"LogicalModelSenologie.Operation.PostoperativeAnordnungen.Laborkontrolle",0,1,"",""
"LogicalModelSenologie.Operation.Komplikation","LogicalModelSenologie.Operation.Komplikation","","","",0,*,"","","","BackboneElement {[]} {[]}
","Operative Komplikation","Clavien-Dindo-klassifiziert","","","","","","","","","",,,,,"",,,,"LogicalModelSenologie.Operation.Komplikation",0,*,"","ele-1:All FHIR elements must have a @value or children {hasValue() or (children().count() > id.count())}
","8.6 Komplikation(en)","O:KOMPL","Op_Komplikation","Senologie_Operative_Komplikation (Observation)"
"LogicalModelSenologie.Operation.Komplikation.id","LogicalModelSenologie.Operation.Komplikation.id","","","",0,1,"","","","string {[]} {[]}
","Unique id for inter-element referencing","Unique id for the element within a resource (for internal references). This may be any string value that does not contain spaces.","","","","","","","","","",,,,,"",,,,"Element.id",0,1,"","","n/a"
"LogicalModelSenologie.Operation.Komplikation.extension","LogicalModelSenologie.Operation.Komplikation.extension","","extensions
user content","",0,*,"","","","Extension {[]} {[]}
","Additional content defined by implementations","May be used to represent additional information that is not part of the basic definition of the element. To make the use of extensions safe and manageable, there is a strict set of governance  applied to the definition and use of extensions. Though any implementer can define an extension, there is a set of requirements that SHALL be met as part of the definition of the extension.","There can be no stigma associated with the use of extensions by any application, project, or standard - regardless of the institution or jurisdiction that uses or defines the extensions.  The use of extensions is what allows the FHIR specification to retain a core level of simplicity for everyone.","","","","","","","","",,,,,"","value:url}
","Extensions are always sliced by (at least) url",,"open","Element.extension",0,*,"","ele-1:All FHIR elements must have a @value or children {hasValue() or (children().count() > id.count())}
ext-1:Must have either extensions or value[x], not both {extension.exists() != value.exists()}","n/a"
"LogicalModelSenologie.Operation.Komplikation.modifierExtension","LogicalModelSenologie.Operation.Komplikation.modifierExtension","","extensions
user contentmodifiers","",0,*,"","Y","Y","Extension {[]} {[]}
","Extensions that cannot be ignored even if unrecognized","May be used to represent additional information that is not part of the basic definition of the element and that modifies the understanding of the element in which it is contained and/or the understanding of the containing element's descendants. Usually modifier elements provide negation or qualification. To make the use of extensions safe and manageable, there is a strict set of governance applied to the definition and use of extensions. Though any implementer can define an extension, there is a set of requirements that SHALL be met as part of the definition of the extension. Applications processing a resource are required to check for modifier extensions.

Modifier extensions SHALL NOT change the meaning of any elements on Resource or DomainResource (including cannot change the meaning of modifierExtension itself).","There can be no stigma associated with the use of extensions by any application, project, or standard - regardless of the institution or jurisdiction that uses or defines the extensions.  The use of extensions is what allows the FHIR specification to retain a core level of simplicity for everyone.","Modifier extensions allow for extensions that *cannot* be safely ignored to be clearly distinguished from the vast majority of extensions which can be safely ignored.  This promotes interoperability by eliminating the need for implementers to prohibit the presence of extensions. For further information, see the [definition of modifier extensions](http://hl7.org/fhir/R4/extensibility.html#modifierExtension).","","","","","","","",,,,,"",,,,"BackboneElement.modifierExtension",0,*,"","ele-1:All FHIR elements must have a @value or children {hasValue() or (children().count() > id.count())}
ext-1:Must have either extensions or value[x], not both {extension.exists() != value.exists()}","N/A"
"LogicalModelSenologie.Operation.Komplikation.ClavienDindo","LogicalModelSenologie.Operation.Komplikation.ClavienDindo","","","",0,1,"","","","CodeableConcept {[]} {[]}
","Clavien-Dindo Grad","Grad I–V","","","","","","","","","",,,,,"",,,,"LogicalModelSenologie.Operation.Komplikation.ClavienDindo",0,1,"",""
"LogicalModelSenologie.Operation.Komplikation.Art","LogicalModelSenologie.Operation.Komplikation.Art","","","",0,1,"","","","CodeableConcept {[]} {[]}
","Art der Komplikation","SNOMED-kodierte Komplikationsart","","","","","","","","","",,,,,"",,,,"LogicalModelSenologie.Operation.Komplikation.Art",0,1,"",""
"LogicalModelSenologie.Operation.Komplikation.Zeitpunkt","LogicalModelSenologie.Operation.Komplikation.Zeitpunkt","","","",0,1,"","","","CodeableConcept {[]} {[]}
","Zeitpunkt","Intraoperativ/postoperativ/stationär/ambulant","","","","","","","","","",,,,,"",,,,"LogicalModelSenologie.Operation.Komplikation.Zeitpunkt",0,1,"",""
"LogicalModelSenologie.Operation.Komplikation.Konsequenz","LogicalModelSenologie.Operation.Komplikation.Konsequenz","","","",0,1,"","","","string {[]} {[]}
","Konsequenz","Folgen der Komplikation","","","","","","","","","",,,,,"",,,,"LogicalModelSenologie.Operation.Komplikation.Konsequenz",0,1,"",""
"LogicalModelSenologie.Operation.Implantat","LogicalModelSenologie.Operation.Implantat","","","",0,*,"","","","BackboneElement {[]} {[]}
","Implantat","Brustimplantat","","","","","","","","","",,,,,"",,,,"LogicalModelSenologie.Operation.Implantat",0,*,"","ele-1:All FHIR elements must have a @value or children {hasValue() or (children().count() > id.count())}
","operation.artikelidentifikation","Senologie_Brustimplantat (DeviceUseStatement)"
"LogicalModelSenologie.Operation.Implantat.id","LogicalModelSenologie.Operation.Implantat.id","","","",0,1,"","","","string {[]} {[]}
","Unique id for inter-element referencing","Unique id for the element within a resource (for internal references). This may be any string value that does not contain spaces.","","","","","","","","","",,,,,"",,,,"Element.id",0,1,"","","n/a"
"LogicalModelSenologie.Operation.Implantat.extension","LogicalModelSenologie.Operation.Implantat.extension","","extensions
user content","",0,*,"","","","Extension {[]} {[]}
","Additional content defined by implementations","May be used to represent additional information that is not part of the basic definition of the element. To make the use of extensions safe and manageable, there is a strict set of governance  applied to the definition and use of extensions. Though any implementer can define an extension, there is a set of requirements that SHALL be met as part of the definition of the extension.","There can be no stigma associated with the use of extensions by any application, project, or standard - regardless of the institution or jurisdiction that uses or defines the extensions.  The use of extensions is what allows the FHIR specification to retain a core level of simplicity for everyone.","","","","","","","","",,,,,"","value:url}
","Extensions are always sliced by (at least) url",,"open","Element.extension",0,*,"","ele-1:All FHIR elements must have a @value or children {hasValue() or (children().count() > id.count())}
ext-1:Must have either extensions or value[x], not both {extension.exists() != value.exists()}","n/a"
"LogicalModelSenologie.Operation.Implantat.modifierExtension","LogicalModelSenologie.Operation.Implantat.modifierExtension","","extensions
user contentmodifiers","",0,*,"","Y","Y","Extension {[]} {[]}
","Extensions that cannot be ignored even if unrecognized","May be used to represent additional information that is not part of the basic definition of the element and that modifies the understanding of the element in which it is contained and/or the understanding of the containing element's descendants. Usually modifier elements provide negation or qualification. To make the use of extensions safe and manageable, there is a strict set of governance applied to the definition and use of extensions. Though any implementer can define an extension, there is a set of requirements that SHALL be met as part of the definition of the extension. Applications processing a resource are required to check for modifier extensions.

Modifier extensions SHALL NOT change the meaning of any elements on Resource or DomainResource (including cannot change the meaning of modifierExtension itself).","There can be no stigma associated with the use of extensions by any application, project, or standard - regardless of the institution or jurisdiction that uses or defines the extensions.  The use of extensions is what allows the FHIR specification to retain a core level of simplicity for everyone.","Modifier extensions allow for extensions that *cannot* be safely ignored to be clearly distinguished from the vast majority of extensions which can be safely ignored.  This promotes interoperability by eliminating the need for implementers to prohibit the presence of extensions. For further information, see the [definition of modifier extensions](http://hl7.org/fhir/R4/extensibility.html#modifierExtension).","","","","","","","",,,,,"",,,,"BackboneElement.modifierExtension",0,*,"","ele-1:All FHIR elements must have a @value or children {hasValue() or (children().count() > id.count())}
ext-1:Must have either extensions or value[x], not both {extension.exists() != value.exists()}","N/A"
"LogicalModelSenologie.Operation.Implantat.Art","LogicalModelSenologie.Operation.Implantat.Art","","","",0,1,"","","","CodeableConcept {[]} {[]}
","Art","Art des Implantats","","","","","","","","","",,,,,"",,,,"LogicalModelSenologie.Operation.Implantat.Art",0,1,"","","ABI_ArtikelTypSchluessel"
"LogicalModelSenologie.Operation.Implantat.Hersteller","LogicalModelSenologie.Operation.Implantat.Hersteller","","","",0,1,"","","","string {[]} {[]}
","Hersteller","Hersteller des Implantats","","","","","","","","","",,,,,"",,,,"LogicalModelSenologie.Operation.Implantat.Hersteller",0,1,"","","ABI_HerstellerSchluessel"
"LogicalModelSenologie.Operation.Implantat.REFNummer","LogicalModelSenologie.Operation.Implantat.REFNummer","","","",0,1,"","","","string {[]} {[]}
","REF-Nummer","Referenznummer","","","","","","","","","",,,,,"",,,,"LogicalModelSenologie.Operation.Implantat.REFNummer",0,1,"","","ARI_Artikelkennzeichen"
"LogicalModelSenologie.Operation.Implantat.Seriennummer","LogicalModelSenologie.Operation.Implantat.Seriennummer","","","",0,1,"","","","string {[]} {[]}
","Seriennummer","Seriennummer","","","","","","","","","",,,,,"",,,,"LogicalModelSenologie.Operation.Implantat.Seriennummer",0,1,"","","ARB_SerienNummer"
"LogicalModelSenologie.SystemischeTherapie","LogicalModelSenologie.SystemischeTherapie","","","",0,*,"","","","BackboneElement {[]} {[]}
","Systemische Therapie","Systemische Therapie","","","","","","","","","",,,,,"",,,,"LogicalModelSenologie.SystemischeTherapie",0,*,"","ele-1:All FHIR elements must have a @value or children {hasValue() or (children().count() > id.count())}
","9 Systemische Therapie","BRUST:NEOADJ","primaerfall.systemtherapie","Senologie_Systemtherapie_Procedure (Procedure)"
"LogicalModelSenologie.SystemischeTherapie.id","LogicalModelSenologie.SystemischeTherapie.id","","","",0,1,"","","","string {[]} {[]}
","Unique id for inter-element referencing","Unique id for the element within a resource (for internal references). This may be any string value that does not contain spaces.","","","","","","","","","",,,,,"",,,,"Element.id",0,1,"","","n/a"
"LogicalModelSenologie.SystemischeTherapie.extension","LogicalModelSenologie.SystemischeTherapie.extension","","extensions
user content","",0,*,"","","","Extension {[]} {[]}
","Additional content defined by implementations","May be used to represent additional information that is not part of the basic definition of the element. To make the use of extensions safe and manageable, there is a strict set of governance  applied to the definition and use of extensions. Though any implementer can define an extension, there is a set of requirements that SHALL be met as part of the definition of the extension.","There can be no stigma associated with the use of extensions by any application, project, or standard - regardless of the institution or jurisdiction that uses or defines the extensions.  The use of extensions is what allows the FHIR specification to retain a core level of simplicity for everyone.","","","","","","","","",,,,,"","value:url}
","Extensions are always sliced by (at least) url",,"open","Element.extension",0,*,"","ele-1:All FHIR elements must have a @value or children {hasValue() or (children().count() > id.count())}
ext-1:Must have either extensions or value[x], not both {extension.exists() != value.exists()}","n/a"
"LogicalModelSenologie.SystemischeTherapie.modifierExtension","LogicalModelSenologie.SystemischeTherapie.modifierExtension","","extensions
user contentmodifiers","",0,*,"","Y","Y","Extension {[]} {[]}
","Extensions that cannot be ignored even if unrecognized","May be used to represent additional information that is not part of the basic definition of the element and that modifies the understanding of the element in which it is contained and/or the understanding of the containing element's descendants. Usually modifier elements provide negation or qualification. To make the use of extensions safe and manageable, there is a strict set of governance applied to the definition and use of extensions. Though any implementer can define an extension, there is a set of requirements that SHALL be met as part of the definition of the extension. Applications processing a resource are required to check for modifier extensions.

Modifier extensions SHALL NOT change the meaning of any elements on Resource or DomainResource (including cannot change the meaning of modifierExtension itself).","There can be no stigma associated with the use of extensions by any application, project, or standard - regardless of the institution or jurisdiction that uses or defines the extensions.  The use of extensions is what allows the FHIR specification to retain a core level of simplicity for everyone.","Modifier extensions allow for extensions that *cannot* be safely ignored to be clearly distinguished from the vast majority of extensions which can be safely ignored.  This promotes interoperability by eliminating the need for implementers to prohibit the presence of extensions. For further information, see the [definition of modifier extensions](http://hl7.org/fhir/R4/extensibility.html#modifierExtension).","","","","","","","",,,,,"",,,,"BackboneElement.modifierExtension",0,*,"","ele-1:All FHIR elements must have a @value or children {hasValue() or (children().count() > id.count())}
ext-1:Must have either extensions or value[x], not both {extension.exists() != value.exists()}","N/A"
"LogicalModelSenologie.SystemischeTherapie.Intention","LogicalModelSenologie.SystemischeTherapie.Intention","","","",0,1,"","","","CodeableConcept {[]} {[]}
","Intention","Neoadjuvant, adjuvant, palliativ","","","","","","","","","",,,,,"",,,,"LogicalModelSenologie.SystemischeTherapie.Intention",0,1,"","","9.1 Intention","Syst_Stellung"
"LogicalModelSenologie.SystemischeTherapie.Therapielinie","LogicalModelSenologie.SystemischeTherapie.Therapielinie","","","",0,1,"","","","integer {[]} {[]}
","Therapielinie","1., 2., 3. Linie","","","","","","","","","",,,,,"",,,,"LogicalModelSenologie.SystemischeTherapie.Therapielinie",0,1,"",""
"LogicalModelSenologie.SystemischeTherapie.FirstLineMetastasiert","LogicalModelSenologie.SystemischeTherapie.FirstLineMetastasiert","","","",0,1,"","","","boolean {[]} {[]}
","First-Line bei Metastasierung","Erste Linie bei metastasierter Erkrankung","","","","","","","","","",,,,,"",,,,"LogicalModelSenologie.SystemischeTherapie.FirstLineMetastasiert",0,1,"",""
"LogicalModelSenologie.SystemischeTherapie.Startdatum","LogicalModelSenologie.SystemischeTherapie.Startdatum","","","",0,1,"","","","dateTime {[]} {[]}
","Startdatum","Beginn der Therapie","","","","","","","","","",,,,,"",,,,"LogicalModelSenologie.SystemischeTherapie.Startdatum",0,1,"","","9.3 Beginn","Syst_Beginn"
"LogicalModelSenologie.SystemischeTherapie.Enddatum","LogicalModelSenologie.SystemischeTherapie.Enddatum","","","",0,1,"","","","dateTime {[]} {[]}
","Enddatum","Ende der Therapie","","","","","","","","","",,,,,"",,,,"LogicalModelSenologie.SystemischeTherapie.Enddatum",0,1,"","","9.4 Ende","Syst_Ende"
"LogicalModelSenologie.SystemischeTherapie.Protokoll","LogicalModelSenologie.SystemischeTherapie.Protokoll","","","",0,1,"","","","CodeableConcept {[]} {[]}
","Therapieprotokoll","Protokollname","","","","","","","","","",,,,,"",,,,"LogicalModelSenologie.SystemischeTherapie.Protokoll",0,1,"","","9.2 Therapieschema","Syst_Protokoll"
"LogicalModelSenologie.SystemischeTherapie.Outcome","LogicalModelSenologie.SystemischeTherapie.Outcome","","","",0,1,"","","","CodeableConcept {[]} {[]}
","Outcome","Abgeschlossen/abgebrochen","","","","","","","","","",,,,,"",,,,"LogicalModelSenologie.SystemischeTherapie.Outcome",0,1,"",""
"LogicalModelSenologie.SystemischeTherapie.Medikation","LogicalModelSenologie.SystemischeTherapie.Medikation","","","",0,*,"","","","BackboneElement {[]} {[]}
","Medikation","Einzelne Substanz/Gabe","","","","","","","","","",,,,,"",,,,"LogicalModelSenologie.SystemischeTherapie.Medikation",0,*,"","ele-1:All FHIR elements must have a @value or children {hasValue() or (children().count() > id.count())}
","Senologie_Systemtherapie_Durchfuehrung (MedicationAdministration)"
"LogicalModelSenologie.SystemischeTherapie.Medikation.id","LogicalModelSenologie.SystemischeTherapie.Medikation.id","","","",0,1,"","","","string {[]} {[]}
","Unique id for inter-element referencing","Unique id for the element within a resource (for internal references). This may be any string value that does not contain spaces.","","","","","","","","","",,,,,"",,,,"Element.id",0,1,"","","n/a"
"LogicalModelSenologie.SystemischeTherapie.Medikation.extension","LogicalModelSenologie.SystemischeTherapie.Medikation.extension","","extensions
user content","",0,*,"","","","Extension {[]} {[]}
","Additional content defined by implementations","May be used to represent additional information that is not part of the basic definition of the element. To make the use of extensions safe and manageable, there is a strict set of governance  applied to the definition and use of extensions. Though any implementer can define an extension, there is a set of requirements that SHALL be met as part of the definition of the extension.","There can be no stigma associated with the use of extensions by any application, project, or standard - regardless of the institution or jurisdiction that uses or defines the extensions.  The use of extensions is what allows the FHIR specification to retain a core level of simplicity for everyone.","","","","","","","","",,,,,"","value:url}
","Extensions are always sliced by (at least) url",,"open","Element.extension",0,*,"","ele-1:All FHIR elements must have a @value or children {hasValue() or (children().count() > id.count())}
ext-1:Must have either extensions or value[x], not both {extension.exists() != value.exists()}","n/a"
"LogicalModelSenologie.SystemischeTherapie.Medikation.modifierExtension","LogicalModelSenologie.SystemischeTherapie.Medikation.modifierExtension","","extensions
user contentmodifiers","",0,*,"","Y","Y","Extension {[]} {[]}
","Extensions that cannot be ignored even if unrecognized","May be used to represent additional information that is not part of the basic definition of the element and that modifies the understanding of the element in which it is contained and/or the understanding of the containing element's descendants. Usually modifier elements provide negation or qualification. To make the use of extensions safe and manageable, there is a strict set of governance applied to the definition and use of extensions. Though any implementer can define an extension, there is a set of requirements that SHALL be met as part of the definition of the extension. Applications processing a resource are required to check for modifier extensions.

Modifier extensions SHALL NOT change the meaning of any elements on Resource or DomainResource (including cannot change the meaning of modifierExtension itself).","There can be no stigma associated with the use of extensions by any application, project, or standard - regardless of the institution or jurisdiction that uses or defines the extensions.  The use of extensions is what allows the FHIR specification to retain a core level of simplicity for everyone.","Modifier extensions allow for extensions that *cannot* be safely ignored to be clearly distinguished from the vast majority of extensions which can be safely ignored.  This promotes interoperability by eliminating the need for implementers to prohibit the presence of extensions. For further information, see the [definition of modifier extensions](http://hl7.org/fhir/R4/extensibility.html#modifierExtension).","","","","","","","",,,,,"",,,,"BackboneElement.modifierExtension",0,*,"","ele-1:All FHIR elements must have a @value or children {hasValue() or (children().count() > id.count())}
ext-1:Must have either extensions or value[x], not both {extension.exists() != value.exists()}","N/A"
"LogicalModelSenologie.SystemischeTherapie.Medikation.Substanz","LogicalModelSenologie.SystemischeTherapie.Medikation.Substanz","","","",1,1,"","","","CodeableConcept {[]} {[]}
","Substanz","SNOMED-codierte Substanz","","","","","","","","","",,,,,"",,,,"LogicalModelSenologie.SystemischeTherapie.Medikation.Substanz",1,1,"","","9.5 Substanz"
"LogicalModelSenologie.SystemischeTherapie.Medikation.Zyklus","LogicalModelSenologie.SystemischeTherapie.Medikation.Zyklus","","","",0,1,"","","","integer {[]} {[]}
","Zyklus","Therapiezyklus-Nummer","","","","","","","","","",,,,,"",,,,"LogicalModelSenologie.SystemischeTherapie.Medikation.Zyklus",0,1,"",""
"LogicalModelSenologie.SystemischeTherapie.Medikation.TagImZyklus","LogicalModelSenologie.SystemischeTherapie.Medikation.TagImZyklus","","","",0,1,"","","","integer {[]} {[]}
","Tag im Zyklus","Tag innerhalb des Zyklus","","","","","","","","","",,,,,"",,,,"LogicalModelSenologie.SystemischeTherapie.Medikation.TagImZyklus",0,1,"",""
"LogicalModelSenologie.SystemischeTherapie.Medikation.Dosis","LogicalModelSenologie.SystemischeTherapie.Medikation.Dosis","","","",0,1,"","","","Quantity {[]} {[]}
","Dosis","Verabreichte Dosis","","","","","","","","","",,,,,"",,,,"LogicalModelSenologie.SystemischeTherapie.Medikation.Dosis",0,1,"",""
"LogicalModelSenologie.SystemischeTherapie.Medikation.Datum","LogicalModelSenologie.SystemischeTherapie.Medikation.Datum","","","",0,1,"","","","dateTime {[]} {[]}
","Datum der Gabe","Zeitpunkt der Medikamentengabe","","","","","","","","","",,,,,"",,,,"LogicalModelSenologie.SystemischeTherapie.Medikation.Datum",0,1,"",""
"LogicalModelSenologie.GeplanteSystemtherapie","LogicalModelSenologie.GeplanteSystemtherapie","","","",0,*,"","","","BackboneElement {[]} {[]}
","Geplante Systemtherapie","Geplante Systemtherapie","","","","","","","","","",,,,,"",,,,"LogicalModelSenologie.GeplanteSystemtherapie",0,*,"","ele-1:All FHIR elements must have a @value or children {hasValue() or (children().count() > id.count())}
","Senologie_Geplante_Systemtherapie (MedicationRequest)"
"LogicalModelSenologie.GeplanteSystemtherapie.id","LogicalModelSenologie.GeplanteSystemtherapie.id","","","",0,1,"","","","string {[]} {[]}
","Unique id for inter-element referencing","Unique id for the element within a resource (for internal references). This may be any string value that does not contain spaces.","","","","","","","","","",,,,,"",,,,"Element.id",0,1,"","","n/a"
"LogicalModelSenologie.GeplanteSystemtherapie.extension","LogicalModelSenologie.GeplanteSystemtherapie.extension","","extensions
user content","",0,*,"","","","Extension {[]} {[]}
","Additional content defined by implementations","May be used to represent additional information that is not part of the basic definition of the element. To make the use of extensions safe and manageable, there is a strict set of governance  applied to the definition and use of extensions. Though any implementer can define an extension, there is a set of requirements that SHALL be met as part of the definition of the extension.","There can be no stigma associated with the use of extensions by any application, project, or standard - regardless of the institution or jurisdiction that uses or defines the extensions.  The use of extensions is what allows the FHIR specification to retain a core level of simplicity for everyone.","","","","","","","","",,,,,"","value:url}
","Extensions are always sliced by (at least) url",,"open","Element.extension",0,*,"","ele-1:All FHIR elements must have a @value or children {hasValue() or (children().count() > id.count())}
ext-1:Must have either extensions or value[x], not both {extension.exists() != value.exists()}","n/a"
"LogicalModelSenologie.GeplanteSystemtherapie.modifierExtension","LogicalModelSenologie.GeplanteSystemtherapie.modifierExtension","","extensions
user contentmodifiers","",0,*,"","Y","Y","Extension {[]} {[]}
","Extensions that cannot be ignored even if unrecognized","May be used to represent additional information that is not part of the basic definition of the element and that modifies the understanding of the element in which it is contained and/or the understanding of the containing element's descendants. Usually modifier elements provide negation or qualification. To make the use of extensions safe and manageable, there is a strict set of governance applied to the definition and use of extensions. Though any implementer can define an extension, there is a set of requirements that SHALL be met as part of the definition of the extension. Applications processing a resource are required to check for modifier extensions.

Modifier extensions SHALL NOT change the meaning of any elements on Resource or DomainResource (including cannot change the meaning of modifierExtension itself).","There can be no stigma associated with the use of extensions by any application, project, or standard - regardless of the institution or jurisdiction that uses or defines the extensions.  The use of extensions is what allows the FHIR specification to retain a core level of simplicity for everyone.","Modifier extensions allow for extensions that *cannot* be safely ignored to be clearly distinguished from the vast majority of extensions which can be safely ignored.  This promotes interoperability by eliminating the need for implementers to prohibit the presence of extensions. For further information, see the [definition of modifier extensions](http://hl7.org/fhir/R4/extensibility.html#modifierExtension).","","","","","","","",,,,,"",,,,"BackboneElement.modifierExtension",0,*,"","ele-1:All FHIR elements must have a @value or children {hasValue() or (children().count() > id.count())}
ext-1:Must have either extensions or value[x], not both {extension.exists() != value.exists()}","N/A"
"LogicalModelSenologie.GeplanteSystemtherapie.Substanz","LogicalModelSenologie.GeplanteSystemtherapie.Substanz","","","",1,1,"","","","CodeableConcept {[]} {[]}
","Substanz","Geplantes Medikament","","","","","","","","","",,,,,"",,,,"LogicalModelSenologie.GeplanteSystemtherapie.Substanz",1,1,"",""
"LogicalModelSenologie.GeplanteSystemtherapie.Intention","LogicalModelSenologie.GeplanteSystemtherapie.Intention","","","",0,1,"","","","CodeableConcept {[]} {[]}
","Intention","Neoadjuvant/adjuvant/palliativ","","","","","","","","","",,,,,"",,,,"LogicalModelSenologie.GeplanteSystemtherapie.Intention",0,1,"",""
"LogicalModelSenologie.GeplanteSystemtherapie.Therapielinie","LogicalModelSenologie.GeplanteSystemtherapie.Therapielinie","","","",0,1,"","","","integer {[]} {[]}
","Therapielinie","Geplante Therapielinie","","","","","","","","","",,,,,"",,,,"LogicalModelSenologie.GeplanteSystemtherapie.Therapielinie",0,1,"",""
"LogicalModelSenologie.GeplanteSystemtherapie.Protokoll","LogicalModelSenologie.GeplanteSystemtherapie.Protokoll","","","",0,1,"","","","CodeableConcept {[]} {[]}
","Therapieprotokoll","Geplantes Protokoll","","","","","","","","","",,,,,"",,,,"LogicalModelSenologie.GeplanteSystemtherapie.Protokoll",0,1,"",""
"LogicalModelSenologie.GeplanteSystemtherapie.GeplanteDosisDatum","LogicalModelSenologie.GeplanteSystemtherapie.GeplanteDosisDatum","","","",0,1,"","","","Quantity {[]} {[]}
","Geplante Dosis","Geplante Dosierung","","","","","","","","","",,,,,"",,,,"LogicalModelSenologie.GeplanteSystemtherapie.GeplanteDosisDatum",0,1,"",""
"LogicalModelSenologie.Strahlentherapie","LogicalModelSenologie.Strahlentherapie","","","",0,*,"","","","BackboneElement {[]} {[]}
","Strahlentherapie","Strahlentherapie","","","","","","","","","",,,,,"",,,,"LogicalModelSenologie.Strahlentherapie",0,*,"","ele-1:All FHIR elements must have a @value or children {hasValue() or (children().count() > id.count())}
","10 Strahlentherapie","primaerfall.strahlentherapie","Senologie_Strahlentherapie (Procedure)"
"LogicalModelSenologie.Strahlentherapie.id","LogicalModelSenologie.Strahlentherapie.id","","","",0,1,"","","","string {[]} {[]}
","Unique id for inter-element referencing","Unique id for the element within a resource (for internal references). This may be any string value that does not contain spaces.","","","","","","","","","",,,,,"",,,,"Element.id",0,1,"","","n/a"
"LogicalModelSenologie.Strahlentherapie.extension","LogicalModelSenologie.Strahlentherapie.extension","","extensions
user content","",0,*,"","","","Extension {[]} {[]}
","Additional content defined by implementations","May be used to represent additional information that is not part of the basic definition of the element. To make the use of extensions safe and manageable, there is a strict set of governance  applied to the definition and use of extensions. Though any implementer can define an extension, there is a set of requirements that SHALL be met as part of the definition of the extension.","There can be no stigma associated with the use of extensions by any application, project, or standard - regardless of the institution or jurisdiction that uses or defines the extensions.  The use of extensions is what allows the FHIR specification to retain a core level of simplicity for everyone.","","","","","","","","",,,,,"","value:url}
","Extensions are always sliced by (at least) url",,"open","Element.extension",0,*,"","ele-1:All FHIR elements must have a @value or children {hasValue() or (children().count() > id.count())}
ext-1:Must have either extensions or value[x], not both {extension.exists() != value.exists()}","n/a"
"LogicalModelSenologie.Strahlentherapie.modifierExtension","LogicalModelSenologie.Strahlentherapie.modifierExtension","","extensions
user contentmodifiers","",0,*,"","Y","Y","Extension {[]} {[]}
","Extensions that cannot be ignored even if unrecognized","May be used to represent additional information that is not part of the basic definition of the element and that modifies the understanding of the element in which it is contained and/or the understanding of the containing element's descendants. Usually modifier elements provide negation or qualification. To make the use of extensions safe and manageable, there is a strict set of governance applied to the definition and use of extensions. Though any implementer can define an extension, there is a set of requirements that SHALL be met as part of the definition of the extension. Applications processing a resource are required to check for modifier extensions.

Modifier extensions SHALL NOT change the meaning of any elements on Resource or DomainResource (including cannot change the meaning of modifierExtension itself).","There can be no stigma associated with the use of extensions by any application, project, or standard - regardless of the institution or jurisdiction that uses or defines the extensions.  The use of extensions is what allows the FHIR specification to retain a core level of simplicity for everyone.","Modifier extensions allow for extensions that *cannot* be safely ignored to be clearly distinguished from the vast majority of extensions which can be safely ignored.  This promotes interoperability by eliminating the need for implementers to prohibit the presence of extensions. For further information, see the [definition of modifier extensions](http://hl7.org/fhir/R4/extensibility.html#modifierExtension).","","","","","","","",,,,,"",,,,"BackboneElement.modifierExtension",0,*,"","ele-1:All FHIR elements must have a @value or children {hasValue() or (children().count() > id.count())}
ext-1:Must have either extensions or value[x], not both {extension.exists() != value.exists()}","N/A"
"LogicalModelSenologie.Strahlentherapie.Intention","LogicalModelSenologie.Strahlentherapie.Intention","","","",0,1,"","","","CodeableConcept {[]} {[]}
","Intention","Adjuvant, neoadjuvant, palliativ","","","","","","","","","",,,,,"",,,,"LogicalModelSenologie.Strahlentherapie.Intention",0,1,"","","10.1 Intention"
"LogicalModelSenologie.Strahlentherapie.Startdatum","LogicalModelSenologie.Strahlentherapie.Startdatum","","","",0,1,"","","","dateTime {[]} {[]}
","Startdatum","Beginn der Bestrahlung","","","","","","","","","",,,,,"",,,,"LogicalModelSenologie.Strahlentherapie.Startdatum",0,1,"","","10.2 Beginn","RT_Beginn"
"LogicalModelSenologie.Strahlentherapie.Enddatum","LogicalModelSenologie.Strahlentherapie.Enddatum","","","",0,1,"","","","dateTime {[]} {[]}
","Enddatum","Ende der Bestrahlung","","","","","","","","","",,,,,"",,,,"LogicalModelSenologie.Strahlentherapie.Enddatum",0,1,"","","10.3 Ende","RT_Ende"
"LogicalModelSenologie.Strahlentherapie.Bestrahlungsregion","LogicalModelSenologie.Strahlentherapie.Bestrahlungsregion","","","",0,1,"","","","CodeableConcept {[]} {[]}
","Bestrahlungsregion","Zielgebiet der Bestrahlung","","","","","","","","","",,,,,"",,,,"LogicalModelSenologie.Strahlentherapie.Bestrahlungsregion",0,1,"","","10.4 Zielgebiet","RT_Zielgebiet"
"LogicalModelSenologie.Strahlentherapie.Gesamtdosis","LogicalModelSenologie.Strahlentherapie.Gesamtdosis","","","",0,1,"","","","Quantity {[]} {[]}
","Gesamtdosis","Gesamtdosis in Gy","","","","","","","","","",,,,,"",,,,"LogicalModelSenologie.Strahlentherapie.Gesamtdosis",0,1,"","","RT_Dosis_Gy"
"LogicalModelSenologie.Strahlentherapie.Einzeldosis","LogicalModelSenologie.Strahlentherapie.Einzeldosis","","","",0,1,"","","","Quantity {[]} {[]}
","Einzeldosis","Dosis pro Fraktion in Gy","","","","","","","","","",,,,,"",,,,"LogicalModelSenologie.Strahlentherapie.Einzeldosis",0,1,"",""
"LogicalModelSenologie.Strahlentherapie.AnzahlFraktionen","LogicalModelSenologie.Strahlentherapie.AnzahlFraktionen","","","",0,1,"","","","integer {[]} {[]}
","Anzahl Fraktionen","Anzahl der Bestrahlungssitzungen","","","","","","","","","",,,,,"",,,,"LogicalModelSenologie.Strahlentherapie.AnzahlFraktionen",0,1,"",""
"LogicalModelSenologie.Strahlentherapie.SimultaneRadiochemotherapie","LogicalModelSenologie.Strahlentherapie.SimultaneRadiochemotherapie","","","",0,1,"","","","boolean {[]} {[]}
","Simultane Radiochemotherapie","Gleichzeitige Chemotherapie ja/nein","","","","","","","","","",,,,,"",,,,"LogicalModelSenologie.Strahlentherapie.SimultaneRadiochemotherapie",0,1,"",""
"LogicalModelSenologie.Nebenwirkung","LogicalModelSenologie.Nebenwirkung","","","",0,*,"","","","BackboneElement {[]} {[]}
","Nebenwirkung","Nebenwirkung","","","","","","","","","",,,,,"",,,,"LogicalModelSenologie.Nebenwirkung",0,*,"","ele-1:All FHIR elements must have a @value or children {hasValue() or (children().count() > id.count())}
","Senologie_Nebenwirkung (AdverseEvent)"
"LogicalModelSenologie.Nebenwirkung.id","LogicalModelSenologie.Nebenwirkung.id","","","",0,1,"","","","string {[]} {[]}
","Unique id for inter-element referencing","Unique id for the element within a resource (for internal references). This may be any string value that does not contain spaces.","","","","","","","","","",,,,,"",,,,"Element.id",0,1,"","","n/a"
"LogicalModelSenologie.Nebenwirkung.extension","LogicalModelSenologie.Nebenwirkung.extension","","extensions
user content","",0,*,"","","","Extension {[]} {[]}
","Additional content defined by implementations","May be used to represent additional information that is not part of the basic definition of the element. To make the use of extensions safe and manageable, there is a strict set of governance  applied to the definition and use of extensions. Though any implementer can define an extension, there is a set of requirements that SHALL be met as part of the definition of the extension.","There can be no stigma associated with the use of extensions by any application, project, or standard - regardless of the institution or jurisdiction that uses or defines the extensions.  The use of extensions is what allows the FHIR specification to retain a core level of simplicity for everyone.","","","","","","","","",,,,,"","value:url}
","Extensions are always sliced by (at least) url",,"open","Element.extension",0,*,"","ele-1:All FHIR elements must have a @value or children {hasValue() or (children().count() > id.count())}
ext-1:Must have either extensions or value[x], not both {extension.exists() != value.exists()}","n/a"
"LogicalModelSenologie.Nebenwirkung.modifierExtension","LogicalModelSenologie.Nebenwirkung.modifierExtension","","extensions
user contentmodifiers","",0,*,"","Y","Y","Extension {[]} {[]}
","Extensions that cannot be ignored even if unrecognized","May be used to represent additional information that is not part of the basic definition of the element and that modifies the understanding of the element in which it is contained and/or the understanding of the containing element's descendants. Usually modifier elements provide negation or qualification. To make the use of extensions safe and manageable, there is a strict set of governance applied to the definition and use of extensions. Though any implementer can define an extension, there is a set of requirements that SHALL be met as part of the definition of the extension. Applications processing a resource are required to check for modifier extensions.

Modifier extensions SHALL NOT change the meaning of any elements on Resource or DomainResource (including cannot change the meaning of modifierExtension itself).","There can be no stigma associated with the use of extensions by any application, project, or standard - regardless of the institution or jurisdiction that uses or defines the extensions.  The use of extensions is what allows the FHIR specification to retain a core level of simplicity for everyone.","Modifier extensions allow for extensions that *cannot* be safely ignored to be clearly distinguished from the vast majority of extensions which can be safely ignored.  This promotes interoperability by eliminating the need for implementers to prohibit the presence of extensions. For further information, see the [definition of modifier extensions](http://hl7.org/fhir/R4/extensibility.html#modifierExtension).","","","","","","","",,,,,"",,,,"BackboneElement.modifierExtension",0,*,"","ele-1:All FHIR elements must have a @value or children {hasValue() or (children().count() > id.count())}
ext-1:Must have either extensions or value[x], not both {extension.exists() != value.exists()}","N/A"
"LogicalModelSenologie.Nebenwirkung.Ereignis","LogicalModelSenologie.Nebenwirkung.Ereignis","","","",1,1,"","","","CodeableConcept {[]} {[]}
","Ereignis","MedDRA-kodiertes Ereignis","","","","","","","","","",,,,,"",,,,"LogicalModelSenologie.Nebenwirkung.Ereignis",1,1,"",""
"LogicalModelSenologie.Nebenwirkung.CTCAEGrad","LogicalModelSenologie.Nebenwirkung.CTCAEGrad","","","",0,1,"","","","CodeableConcept {[]} {[]}
","CTCAE-Grad","Schweregrad 1–5","","","","","","","","","",,,,,"",,,,"LogicalModelSenologie.Nebenwirkung.CTCAEGrad",0,1,"",""
"LogicalModelSenologie.Nebenwirkung.Datum","LogicalModelSenologie.Nebenwirkung.Datum","","","",0,1,"","","","dateTime {[]} {[]}
","Datum","Zeitpunkt des Ereignisses","","","","","","","","","",,,,,"",,,,"LogicalModelSenologie.Nebenwirkung.Datum",0,1,"",""
"LogicalModelSenologie.Nebenwirkung.VerursachendeTherapie","LogicalModelSenologie.Nebenwirkung.VerursachendeTherapie","","","",0,1,"","","","Reference {[]} {[]}
","Verursachende Therapie","Bezug zur Systemtherapie","","","","","","","","","",,,,,"",,,,"LogicalModelSenologie.Nebenwirkung.VerursachendeTherapie",0,1,"",""
"LogicalModelSenologie.Begleitmedikation","LogicalModelSenologie.Begleitmedikation","","","",0,*,"","","","BackboneElement {[]} {[]}
","Begleitmedikation","Begleitmedikation","","","","","","","","","",,,,,"",,,,"LogicalModelSenologie.Begleitmedikation",0,*,"","ele-1:All FHIR elements must have a @value or children {hasValue() or (children().count() > id.count())}
","Senologie_Begleitmedikation (MedicationStatement)"
"LogicalModelSenologie.Begleitmedikation.id","LogicalModelSenologie.Begleitmedikation.id","","","",0,1,"","","","string {[]} {[]}
","Unique id for inter-element referencing","Unique id for the element within a resource (for internal references). This may be any string value that does not contain spaces.","","","","","","","","","",,,,,"",,,,"Element.id",0,1,"","","n/a"
"LogicalModelSenologie.Begleitmedikation.extension","LogicalModelSenologie.Begleitmedikation.extension","","extensions
user content","",0,*,"","","","Extension {[]} {[]}
","Additional content defined by implementations","May be used to represent additional information that is not part of the basic definition of the element. To make the use of extensions safe and manageable, there is a strict set of governance  applied to the definition and use of extensions. Though any implementer can define an extension, there is a set of requirements that SHALL be met as part of the definition of the extension.","There can be no stigma associated with the use of extensions by any application, project, or standard - regardless of the institution or jurisdiction that uses or defines the extensions.  The use of extensions is what allows the FHIR specification to retain a core level of simplicity for everyone.","","","","","","","","",,,,,"","value:url}
","Extensions are always sliced by (at least) url",,"open","Element.extension",0,*,"","ele-1:All FHIR elements must have a @value or children {hasValue() or (children().count() > id.count())}
ext-1:Must have either extensions or value[x], not both {extension.exists() != value.exists()}","n/a"
"LogicalModelSenologie.Begleitmedikation.modifierExtension","LogicalModelSenologie.Begleitmedikation.modifierExtension","","extensions
user contentmodifiers","",0,*,"","Y","Y","Extension {[]} {[]}
","Extensions that cannot be ignored even if unrecognized","May be used to represent additional information that is not part of the basic definition of the element and that modifies the understanding of the element in which it is contained and/or the understanding of the containing element's descendants. Usually modifier elements provide negation or qualification. To make the use of extensions safe and manageable, there is a strict set of governance applied to the definition and use of extensions. Though any implementer can define an extension, there is a set of requirements that SHALL be met as part of the definition of the extension. Applications processing a resource are required to check for modifier extensions.

Modifier extensions SHALL NOT change the meaning of any elements on Resource or DomainResource (including cannot change the meaning of modifierExtension itself).","There can be no stigma associated with the use of extensions by any application, project, or standard - regardless of the institution or jurisdiction that uses or defines the extensions.  The use of extensions is what allows the FHIR specification to retain a core level of simplicity for everyone.","Modifier extensions allow for extensions that *cannot* be safely ignored to be clearly distinguished from the vast majority of extensions which can be safely ignored.  This promotes interoperability by eliminating the need for implementers to prohibit the presence of extensions. For further information, see the [definition of modifier extensions](http://hl7.org/fhir/R4/extensibility.html#modifierExtension).","","","","","","","",,,,,"",,,,"BackboneElement.modifierExtension",0,*,"","ele-1:All FHIR elements must have a @value or children {hasValue() or (children().count() > id.count())}
ext-1:Must have either extensions or value[x], not both {extension.exists() != value.exists()}","N/A"
"LogicalModelSenologie.Begleitmedikation.Medikament","LogicalModelSenologie.Begleitmedikation.Medikament","","","",1,1,"","","","CodeableConcept {[]} {[]}
","Medikament","SNOMED-kodiertes Medikament","","","","","","","","","",,,,,"",,,,"LogicalModelSenologie.Begleitmedikation.Medikament",1,1,"",""
"LogicalModelSenologie.Begleitmedikation.Einnahmezeitraum","LogicalModelSenologie.Begleitmedikation.Einnahmezeitraum","","","",0,1,"","","","Period {[]} {[]}
","Einnahmezeitraum","Start- und Enddatum","","","","","","","","","",,,,,"",,,,"LogicalModelSenologie.Begleitmedikation.Einnahmezeitraum",0,1,"",""
"LogicalModelSenologie.Begleitmedikation.Dosierschema","LogicalModelSenologie.Begleitmedikation.Dosierschema","","","",0,1,"","","","string {[]} {[]}
","Dosierschema","Freitext-Dosierung","","","","","","","","","",,,,,"",,,,"LogicalModelSenologie.Begleitmedikation.Dosierschema",0,1,"",""
"LogicalModelSenologie.Begleitmedikation.Dosis","LogicalModelSenologie.Begleitmedikation.Dosis","","","",0,1,"","","","Quantity {[]} {[]}
","Dosis","Dosierung","","","","","","","","","",,,,,"",,,,"LogicalModelSenologie.Begleitmedikation.Dosis",0,1,"",""
"LogicalModelSenologie.Tumorkonferenz","LogicalModelSenologie.Tumorkonferenz","","","",0,*,"","","","BackboneElement {[]} {[]}
","Tumorkonferenz","Tumorkonferenz","","","","","","","","","",,,,,"",,,,"LogicalModelSenologie.Tumorkonferenz",0,*,"","ele-1:All FHIR elements must have a @value or children {hasValue() or (children().count() > id.count())}
","BRUST:TKPRAEOP","primaerfall.tumorkonferenz","Senologie_Tumorboard_Empfehlung (CarePlan / ServiceRequest)"
"LogicalModelSenologie.Tumorkonferenz.id","LogicalModelSenologie.Tumorkonferenz.id","","","",0,1,"","","","string {[]} {[]}
","Unique id for inter-element referencing","Unique id for the element within a resource (for internal references). This may be any string value that does not contain spaces.","","","","","","","","","",,,,,"",,,,"Element.id",0,1,"","","n/a"
"LogicalModelSenologie.Tumorkonferenz.extension","LogicalModelSenologie.Tumorkonferenz.extension","","extensions
user content","",0,*,"","","","Extension {[]} {[]}
","Additional content defined by implementations","May be used to represent additional information that is not part of the basic definition of the element. To make the use of extensions safe and manageable, there is a strict set of governance  applied to the definition and use of extensions. Though any implementer can define an extension, there is a set of requirements that SHALL be met as part of the definition of the extension.","There can be no stigma associated with the use of extensions by any application, project, or standard - regardless of the institution or jurisdiction that uses or defines the extensions.  The use of extensions is what allows the FHIR specification to retain a core level of simplicity for everyone.","","","","","","","","",,,,,"","value:url}
","Extensions are always sliced by (at least) url",,"open","Element.extension",0,*,"","ele-1:All FHIR elements must have a @value or children {hasValue() or (children().count() > id.count())}
ext-1:Must have either extensions or value[x], not both {extension.exists() != value.exists()}","n/a"
"LogicalModelSenologie.Tumorkonferenz.modifierExtension","LogicalModelSenologie.Tumorkonferenz.modifierExtension","","extensions
user contentmodifiers","",0,*,"","Y","Y","Extension {[]} {[]}
","Extensions that cannot be ignored even if unrecognized","May be used to represent additional information that is not part of the basic definition of the element and that modifies the understanding of the element in which it is contained and/or the understanding of the containing element's descendants. Usually modifier elements provide negation or qualification. To make the use of extensions safe and manageable, there is a strict set of governance applied to the definition and use of extensions. Though any implementer can define an extension, there is a set of requirements that SHALL be met as part of the definition of the extension. Applications processing a resource are required to check for modifier extensions.

Modifier extensions SHALL NOT change the meaning of any elements on Resource or DomainResource (including cannot change the meaning of modifierExtension itself).","There can be no stigma associated with the use of extensions by any application, project, or standard - regardless of the institution or jurisdiction that uses or defines the extensions.  The use of extensions is what allows the FHIR specification to retain a core level of simplicity for everyone.","Modifier extensions allow for extensions that *cannot* be safely ignored to be clearly distinguished from the vast majority of extensions which can be safely ignored.  This promotes interoperability by eliminating the need for implementers to prohibit the presence of extensions. For further information, see the [definition of modifier extensions](http://hl7.org/fhir/R4/extensibility.html#modifierExtension).","","","","","","","",,,,,"",,,,"BackboneElement.modifierExtension",0,*,"","ele-1:All FHIR elements must have a @value or children {hasValue() or (children().count() > id.count())}
ext-1:Must have either extensions or value[x], not both {extension.exists() != value.exists()}","N/A"
"LogicalModelSenologie.Tumorkonferenz.Datum","LogicalModelSenologie.Tumorkonferenz.Datum","","","",1,1,"","","","date {[]} {[]}
","Datum","Datum der Tumorkonferenz","","","","","","","","","",,,,,"",,,,"LogicalModelSenologie.Tumorkonferenz.Datum",1,1,"","","TK_Datum"
"LogicalModelSenologie.Tumorkonferenz.Fachdisziplinen","LogicalModelSenologie.Tumorkonferenz.Fachdisziplinen","","","",0,*,"","","","CodeableConcept {[]} {[]}
","Fachdisziplinen","Teilnehmende Fachdisziplinen","","","","","","","","","",,,,,"",,,,"LogicalModelSenologie.Tumorkonferenz.Fachdisziplinen",0,*,"",""
"LogicalModelSenologie.Tumorkonferenz.Empfehlung","LogicalModelSenologie.Tumorkonferenz.Empfehlung","","","",0,*,"","","","BackboneElement {[]} {[]}
","Empfehlung","Empfehlung der Tumorkonferenz","","","","","","","","","",,,,,"",,,,"LogicalModelSenologie.Tumorkonferenz.Empfehlung",0,*,"","ele-1:All FHIR elements must have a @value or children {hasValue() or (children().count() > id.count())}
"
"LogicalModelSenologie.Tumorkonferenz.Empfehlung.id","LogicalModelSenologie.Tumorkonferenz.Empfehlung.id","","","",0,1,"","","","string {[]} {[]}
","Unique id for inter-element referencing","Unique id for the element within a resource (for internal references). This may be any string value that does not contain spaces.","","","","","","","","","",,,,,"",,,,"Element.id",0,1,"","","n/a"
"LogicalModelSenologie.Tumorkonferenz.Empfehlung.extension","LogicalModelSenologie.Tumorkonferenz.Empfehlung.extension","","extensions
user content","",0,*,"","","","Extension {[]} {[]}
","Additional content defined by implementations","May be used to represent additional information that is not part of the basic definition of the element. To make the use of extensions safe and manageable, there is a strict set of governance  applied to the definition and use of extensions. Though any implementer can define an extension, there is a set of requirements that SHALL be met as part of the definition of the extension.","There can be no stigma associated with the use of extensions by any application, project, or standard - regardless of the institution or jurisdiction that uses or defines the extensions.  The use of extensions is what allows the FHIR specification to retain a core level of simplicity for everyone.","","","","","","","","",,,,,"","value:url}
","Extensions are always sliced by (at least) url",,"open","Element.extension",0,*,"","ele-1:All FHIR elements must have a @value or children {hasValue() or (children().count() > id.count())}
ext-1:Must have either extensions or value[x], not both {extension.exists() != value.exists()}","n/a"
"LogicalModelSenologie.Tumorkonferenz.Empfehlung.modifierExtension","LogicalModelSenologie.Tumorkonferenz.Empfehlung.modifierExtension","","extensions
user contentmodifiers","",0,*,"","Y","Y","Extension {[]} {[]}
","Extensions that cannot be ignored even if unrecognized","May be used to represent additional information that is not part of the basic definition of the element and that modifies the understanding of the element in which it is contained and/or the understanding of the containing element's descendants. Usually modifier elements provide negation or qualification. To make the use of extensions safe and manageable, there is a strict set of governance applied to the definition and use of extensions. Though any implementer can define an extension, there is a set of requirements that SHALL be met as part of the definition of the extension. Applications processing a resource are required to check for modifier extensions.

Modifier extensions SHALL NOT change the meaning of any elements on Resource or DomainResource (including cannot change the meaning of modifierExtension itself).","There can be no stigma associated with the use of extensions by any application, project, or standard - regardless of the institution or jurisdiction that uses or defines the extensions.  The use of extensions is what allows the FHIR specification to retain a core level of simplicity for everyone.","Modifier extensions allow for extensions that *cannot* be safely ignored to be clearly distinguished from the vast majority of extensions which can be safely ignored.  This promotes interoperability by eliminating the need for implementers to prohibit the presence of extensions. For further information, see the [definition of modifier extensions](http://hl7.org/fhir/R4/extensibility.html#modifierExtension).","","","","","","","",,,,,"",,,,"BackboneElement.modifierExtension",0,*,"","ele-1:All FHIR elements must have a @value or children {hasValue() or (children().count() > id.count())}
ext-1:Must have either extensions or value[x], not both {extension.exists() != value.exists()}","N/A"
"LogicalModelSenologie.Tumorkonferenz.Empfehlung.EmpfehlungText","LogicalModelSenologie.Tumorkonferenz.Empfehlung.EmpfehlungText","","","",0,1,"","","","string {[]} {[]}
","Empfehlungstext","Freitext-Empfehlung","","","","","","","","","",,,,,"",,,,"LogicalModelSenologie.Tumorkonferenz.Empfehlung.EmpfehlungText",0,1,"",""
"LogicalModelSenologie.Tumorkonferenz.Empfehlung.OperativeTherapie","LogicalModelSenologie.Tumorkonferenz.Empfehlung.OperativeTherapie","","","",0,1,"","","","CodeableConcept {[]} {[]}
","Operative Therapie","Empfohlene OP","","","","","","","","","",,,,,"",,,,"LogicalModelSenologie.Tumorkonferenz.Empfehlung.OperativeTherapie",0,1,"",""
"LogicalModelSenologie.Tumorkonferenz.Empfehlung.Chemotherapie","LogicalModelSenologie.Tumorkonferenz.Empfehlung.Chemotherapie","","","",0,1,"","","","CodeableConcept {[]} {[]}
","Chemotherapie","Empfohlene Chemotherapie","","","","","","","","","",,,,,"",,,,"LogicalModelSenologie.Tumorkonferenz.Empfehlung.Chemotherapie",0,1,"",""
"LogicalModelSenologie.Tumorkonferenz.Empfehlung.Strahlentherapie","LogicalModelSenologie.Tumorkonferenz.Empfehlung.Strahlentherapie","","","",0,1,"","","","CodeableConcept {[]} {[]}
","Strahlentherapie","Empfohlene Bestrahlung","","","","","","","","","",,,,,"",,,,"LogicalModelSenologie.Tumorkonferenz.Empfehlung.Strahlentherapie",0,1,"",""
"LogicalModelSenologie.Tumorkonferenz.Empfehlung.EndokrineTherapie","LogicalModelSenologie.Tumorkonferenz.Empfehlung.EndokrineTherapie","","","",0,1,"","","","CodeableConcept {[]} {[]}
","Endokrine Therapie","Empfohlene Hormontherapie","","","","","","","","","",,,,,"",,,,"LogicalModelSenologie.Tumorkonferenz.Empfehlung.EndokrineTherapie",0,1,"",""
"LogicalModelSenologie.Tumorkonferenz.Empfehlung.ZielgerichteteTherapie","LogicalModelSenologie.Tumorkonferenz.Empfehlung.ZielgerichteteTherapie","","","",0,1,"","","","CodeableConcept {[]} {[]}
","Zielgerichtete Therapie","Empfohlene Targeted Therapy","","","","","","","","","",,,,,"",,,,"LogicalModelSenologie.Tumorkonferenz.Empfehlung.ZielgerichteteTherapie",0,1,"",""
"LogicalModelSenologie.Tumorkonferenz.Empfehlung.Immuntherapie","LogicalModelSenologie.Tumorkonferenz.Empfehlung.Immuntherapie","","","",0,1,"","","","CodeableConcept {[]} {[]}
","Immuntherapie","Empfohlene Immuntherapie","","","","","","","","","",,,,,"",,,,"LogicalModelSenologie.Tumorkonferenz.Empfehlung.Immuntherapie",0,1,"",""
"LogicalModelSenologie.Tumorkonferenz.Empfehlung.AntiresorptiveTherapie","LogicalModelSenologie.Tumorkonferenz.Empfehlung.AntiresorptiveTherapie","","","",0,1,"","","","CodeableConcept {[]} {[]}
","Antiresorptive Therapie","Empfohlene Knochentherapie","","","","","","","","","",,,,,"",,,,"LogicalModelSenologie.Tumorkonferenz.Empfehlung.AntiresorptiveTherapie",0,1,"",""
"LogicalModelSenologie.Tumorkonferenz.Empfehlung.WeitereDiagnostik","LogicalModelSenologie.Tumorkonferenz.Empfehlung.WeitereDiagnostik","","","",0,1,"","","","CodeableConcept {[]} {[]}
","Weitere Diagnostik","Empfohlene Diagnostik","","","","","","","","","",,,,,"",,,,"LogicalModelSenologie.Tumorkonferenz.Empfehlung.WeitereDiagnostik",0,1,"",""
"LogicalModelSenologie.Tumorkonferenz.Empfehlung.Studienempfehlung","LogicalModelSenologie.Tumorkonferenz.Empfehlung.Studienempfehlung","","","",0,1,"","","","CodeableConcept {[]} {[]}
","Studienempfehlung","Empfohlene Studienteilnahme","","","","","","","","","",,,,,"",,,,"LogicalModelSenologie.Tumorkonferenz.Empfehlung.Studienempfehlung",0,1,"",""
"LogicalModelSenologie.Tumorkonferenz.Empfehlung.Genetik","LogicalModelSenologie.Tumorkonferenz.Empfehlung.Genetik","","","",0,1,"","","","CodeableConcept {[]} {[]}
","Genetische Beratung","Empfohlene genetische Abklärung","","","","","","","","","",,,,,"",,,,"LogicalModelSenologie.Tumorkonferenz.Empfehlung.Genetik",0,1,"",""
"LogicalModelSenologie.Tumorkonferenz.Empfehlung.Nachsorge","LogicalModelSenologie.Tumorkonferenz.Empfehlung.Nachsorge","","","",0,1,"","","","CodeableConcept {[]} {[]}
","Nachsorge","Empfohlene Nachsorge","","","","","","","","","",,,,,"",,,,"LogicalModelSenologie.Tumorkonferenz.Empfehlung.Nachsorge",0,1,"",""
"LogicalModelSenologie.Tumorkonferenz.Empfehlung.Wiedervorstellung","LogicalModelSenologie.Tumorkonferenz.Empfehlung.Wiedervorstellung","","","",0,1,"","","","date {[]} {[]}
","Wiedervorstellung","Datum der Wiedervorstellung","","","","","","","","","",,,,,"",,,,"LogicalModelSenologie.Tumorkonferenz.Empfehlung.Wiedervorstellung",0,1,"",""
"LogicalModelSenologie.Studienteilnahme","LogicalModelSenologie.Studienteilnahme","","","",0,*,"","","","BackboneElement {[]} {[]}
","Studienteilnahme","Studienteilnahme","","","","","","","","","",,,,,"",,,,"LogicalModelSenologie.Studienteilnahme",0,*,"","ele-1:All FHIR elements must have a @value or children {hasValue() or (children().count() > id.count())}
","primaerfall.studienteilnahme","Senologie_Studienteilnahme (ResearchSubject)"
"LogicalModelSenologie.Studienteilnahme.id","LogicalModelSenologie.Studienteilnahme.id","","","",0,1,"","","","string {[]} {[]}
","Unique id for inter-element referencing","Unique id for the element within a resource (for internal references). This may be any string value that does not contain spaces.","","","","","","","","","",,,,,"",,,,"Element.id",0,1,"","","n/a"
"LogicalModelSenologie.Studienteilnahme.extension","LogicalModelSenologie.Studienteilnahme.extension","","extensions
user content","",0,*,"","","","Extension {[]} {[]}
","Additional content defined by implementations","May be used to represent additional information that is not part of the basic definition of the element. To make the use of extensions safe and manageable, there is a strict set of governance  applied to the definition and use of extensions. Though any implementer can define an extension, there is a set of requirements that SHALL be met as part of the definition of the extension.","There can be no stigma associated with the use of extensions by any application, project, or standard - regardless of the institution or jurisdiction that uses or defines the extensions.  The use of extensions is what allows the FHIR specification to retain a core level of simplicity for everyone.","","","","","","","","",,,,,"","value:url}
","Extensions are always sliced by (at least) url",,"open","Element.extension",0,*,"","ele-1:All FHIR elements must have a @value or children {hasValue() or (children().count() > id.count())}
ext-1:Must have either extensions or value[x], not both {extension.exists() != value.exists()}","n/a"
"LogicalModelSenologie.Studienteilnahme.modifierExtension","LogicalModelSenologie.Studienteilnahme.modifierExtension","","extensions
user contentmodifiers","",0,*,"","Y","Y","Extension {[]} {[]}
","Extensions that cannot be ignored even if unrecognized","May be used to represent additional information that is not part of the basic definition of the element and that modifies the understanding of the element in which it is contained and/or the understanding of the containing element's descendants. Usually modifier elements provide negation or qualification. To make the use of extensions safe and manageable, there is a strict set of governance applied to the definition and use of extensions. Though any implementer can define an extension, there is a set of requirements that SHALL be met as part of the definition of the extension. Applications processing a resource are required to check for modifier extensions.

Modifier extensions SHALL NOT change the meaning of any elements on Resource or DomainResource (including cannot change the meaning of modifierExtension itself).","There can be no stigma associated with the use of extensions by any application, project, or standard - regardless of the institution or jurisdiction that uses or defines the extensions.  The use of extensions is what allows the FHIR specification to retain a core level of simplicity for everyone.","Modifier extensions allow for extensions that *cannot* be safely ignored to be clearly distinguished from the vast majority of extensions which can be safely ignored.  This promotes interoperability by eliminating the need for implementers to prohibit the presence of extensions. For further information, see the [definition of modifier extensions](http://hl7.org/fhir/R4/extensibility.html#modifierExtension).","","","","","","","",,,,,"",,,,"BackboneElement.modifierExtension",0,*,"","ele-1:All FHIR elements must have a @value or children {hasValue() or (children().count() > id.count())}
ext-1:Must have either extensions or value[x], not both {extension.exists() != value.exists()}","N/A"
"LogicalModelSenologie.Studienteilnahme.Studienname","LogicalModelSenologie.Studienteilnahme.Studienname","","","",1,1,"","","","string {[]} {[]}
","Studienname","Name der klinischen Studie","","","","","","","","","",,,,,"",,,,"LogicalModelSenologie.Studienteilnahme.Studienname",1,1,"",""
"LogicalModelSenologie.Studienteilnahme.StudiennameCode","LogicalModelSenologie.Studienteilnahme.StudiennameCode","","","",0,1,"","","","CodeableConcept {[]} {[]}
","Studienname (kodiert)","Kodierter Studienname","","","","","","","","","",,,,,"",,,,"LogicalModelSenologie.Studienteilnahme.StudiennameCode",0,1,"",""
"LogicalModelSenologie.Studienteilnahme.Teilnahmestatus","LogicalModelSenologie.Studienteilnahme.Teilnahmestatus","","","",0,1,"","","","CodeableConcept {[]} {[]}
","Teilnahmestatus","Kandidat/Screening/On-Study/Withdrawn etc.","","","","","","","","","",,,,,"",,,,"LogicalModelSenologie.Studienteilnahme.Teilnahmestatus",0,1,"",""
"LogicalModelSenologie.Studienteilnahme.Studienscreening","LogicalModelSenologie.Studienteilnahme.Studienscreening","","","",0,1,"","","","boolean {[]} {[]}
","Screening durchgeführt","Screening zur Studienteilnahme ja/nein","","","","","","","","","",,,,,"",,,,"LogicalModelSenologie.Studienteilnahme.Studienscreening",0,1,"",""
"LogicalModelSenologie.Studienteilnahme.Screeningstatus","LogicalModelSenologie.Studienteilnahme.Screeningstatus","","","",0,1,"","","","CodeableConcept {[]} {[]}
","Screeningstatus","Ergebnis des Screenings","","","","","","","","","",,,,,"",,,,"LogicalModelSenologie.Studienteilnahme.Screeningstatus",0,1,"",""
"LogicalModelSenologie.Studienteilnahme.Studienarm","LogicalModelSenologie.Studienteilnahme.Studienarm","","","",0,1,"","","","string {[]} {[]}
","Studienarm","Zugewiesener Studienarm","","","","","","","","","",,,,,"",,,,"LogicalModelSenologie.Studienteilnahme.Studienarm",0,1,"",""
"LogicalModelSenologie.Studienteilnahme.Aufklaerungsdatum","LogicalModelSenologie.Studienteilnahme.Aufklaerungsdatum","","","",0,1,"","","","date {[]} {[]}
","Aufklärungsdatum","Datum der Aufklärung","","","","","","","","","",,,,,"",,,,"LogicalModelSenologie.Studienteilnahme.Aufklaerungsdatum",0,1,"",""
"LogicalModelSenologie.Studienteilnahme.Teilnahmezeitraum","LogicalModelSenologie.Studienteilnahme.Teilnahmezeitraum","","","",0,1,"","","","Period {[]} {[]}
","Teilnahmezeitraum","Beginn und Ende der Teilnahme","","","","","","","","","",,,,,"",,,,"LogicalModelSenologie.Studienteilnahme.Teilnahmezeitraum",0,1,"",""
"LogicalModelSenologie.Studienteilnahme.Kontakt","LogicalModelSenologie.Studienteilnahme.Kontakt","","","",0,1,"","","","string {[]} {[]}
","Kontaktperson","Kontaktperson für die Studie","","","","","","","","","",,,,,"",,,,"LogicalModelSenologie.Studienteilnahme.Kontakt",0,1,"",""
"LogicalModelSenologie.Psychoonkologie","LogicalModelSenologie.Psychoonkologie","","","",0,1,"","","","BackboneElement {[]} {[]}
","Psychoonkologische Mitbetreuung","Psychoonkologische Mitbetreuung","","","","","","","","","",,,,,"",,,,"LogicalModelSenologie.Psychoonkologie",0,1,"","ele-1:All FHIR elements must have a @value or children {hasValue() or (children().count() > id.count())}
","primaerfall.psychoonkologie","Senologie_Psychoonkologie (Encounter / Observation)"
"LogicalModelSenologie.Psychoonkologie.id","LogicalModelSenologie.Psychoonkologie.id","","","",0,1,"","","","string {[]} {[]}
","Unique id for inter-element referencing","Unique id for the element within a resource (for internal references). This may be any string value that does not contain spaces.","","","","","","","","","",,,,,"",,,,"Element.id",0,1,"","","n/a"
"LogicalModelSenologie.Psychoonkologie.extension","LogicalModelSenologie.Psychoonkologie.extension","","extensions
user content","",0,*,"","","","Extension {[]} {[]}
","Additional content defined by implementations","May be used to represent additional information that is not part of the basic definition of the element. To make the use of extensions safe and manageable, there is a strict set of governance  applied to the definition and use of extensions. Though any implementer can define an extension, there is a set of requirements that SHALL be met as part of the definition of the extension.","There can be no stigma associated with the use of extensions by any application, project, or standard - regardless of the institution or jurisdiction that uses or defines the extensions.  The use of extensions is what allows the FHIR specification to retain a core level of simplicity for everyone.","","","","","","","","",,,,,"","value:url}
","Extensions are always sliced by (at least) url",,"open","Element.extension",0,*,"","ele-1:All FHIR elements must have a @value or children {hasValue() or (children().count() > id.count())}
ext-1:Must have either extensions or value[x], not both {extension.exists() != value.exists()}","n/a"
"LogicalModelSenologie.Psychoonkologie.modifierExtension","LogicalModelSenologie.Psychoonkologie.modifierExtension","","extensions
user contentmodifiers","",0,*,"","Y","Y","Extension {[]} {[]}
","Extensions that cannot be ignored even if unrecognized","May be used to represent additional information that is not part of the basic definition of the element and that modifies the understanding of the element in which it is contained and/or the understanding of the containing element's descendants. Usually modifier elements provide negation or qualification. To make the use of extensions safe and manageable, there is a strict set of governance applied to the definition and use of extensions. Though any implementer can define an extension, there is a set of requirements that SHALL be met as part of the definition of the extension. Applications processing a resource are required to check for modifier extensions.

Modifier extensions SHALL NOT change the meaning of any elements on Resource or DomainResource (including cannot change the meaning of modifierExtension itself).","There can be no stigma associated with the use of extensions by any application, project, or standard - regardless of the institution or jurisdiction that uses or defines the extensions.  The use of extensions is what allows the FHIR specification to retain a core level of simplicity for everyone.","Modifier extensions allow for extensions that *cannot* be safely ignored to be clearly distinguished from the vast majority of extensions which can be safely ignored.  This promotes interoperability by eliminating the need for implementers to prohibit the presence of extensions. For further information, see the [definition of modifier extensions](http://hl7.org/fhir/R4/extensibility.html#modifierExtension).","","","","","","","",,,,,"",,,,"BackboneElement.modifierExtension",0,*,"","ele-1:All FHIR elements must have a @value or children {hasValue() or (children().count() > id.count())}
ext-1:Must have either extensions or value[x], not both {extension.exists() != value.exists()}","N/A"
"LogicalModelSenologie.Psychoonkologie.Stattgefunden","LogicalModelSenologie.Psychoonkologie.Stattgefunden","","","",0,1,"","","","boolean {[]} {[]}
","Stattgefunden","Kontakt erfolgt ja/nein","","","","","","","","","",,,,,"",,,,"LogicalModelSenologie.Psychoonkologie.Stattgefunden",0,1,"",""
"LogicalModelSenologie.Psychoonkologie.Datum","LogicalModelSenologie.Psychoonkologie.Datum","","","",0,1,"","","","dateTime {[]} {[]}
","Datum","Datum des ersten Kontakts","","","","","","","","","",,,,,"",,,,"LogicalModelSenologie.Psychoonkologie.Datum",0,1,"",""
"LogicalModelSenologie.Sozialdienst","LogicalModelSenologie.Sozialdienst","","","",0,1,"","","","BackboneElement {[]} {[]}
","Sozialdienst-Kontakt","Sozialdienst-Kontakt","","","","","","","","","",,,,,"",,,,"LogicalModelSenologie.Sozialdienst",0,1,"","ele-1:All FHIR elements must have a @value or children {hasValue() or (children().count() > id.count())}
","primaerfall.sozialdienst","Senologie_Sozialdienst (Encounter / Observation)"
"LogicalModelSenologie.Sozialdienst.id","LogicalModelSenologie.Sozialdienst.id","","","",0,1,"","","","string {[]} {[]}
","Unique id for inter-element referencing","Unique id for the element within a resource (for internal references). This may be any string value that does not contain spaces.","","","","","","","","","",,,,,"",,,,"Element.id",0,1,"","","n/a"
"LogicalModelSenologie.Sozialdienst.extension","LogicalModelSenologie.Sozialdienst.extension","","extensions
user content","",0,*,"","","","Extension {[]} {[]}
","Additional content defined by implementations","May be used to represent additional information that is not part of the basic definition of the element. To make the use of extensions safe and manageable, there is a strict set of governance  applied to the definition and use of extensions. Though any implementer can define an extension, there is a set of requirements that SHALL be met as part of the definition of the extension.","There can be no stigma associated with the use of extensions by any application, project, or standard - regardless of the institution or jurisdiction that uses or defines the extensions.  The use of extensions is what allows the FHIR specification to retain a core level of simplicity for everyone.","","","","","","","","",,,,,"","value:url}
","Extensions are always sliced by (at least) url",,"open","Element.extension",0,*,"","ele-1:All FHIR elements must have a @value or children {hasValue() or (children().count() > id.count())}
ext-1:Must have either extensions or value[x], not both {extension.exists() != value.exists()}","n/a"
"LogicalModelSenologie.Sozialdienst.modifierExtension","LogicalModelSenologie.Sozialdienst.modifierExtension","","extensions
user contentmodifiers","",0,*,"","Y","Y","Extension {[]} {[]}
","Extensions that cannot be ignored even if unrecognized","May be used to represent additional information that is not part of the basic definition of the element and that modifies the understanding of the element in which it is contained and/or the understanding of the containing element's descendants. Usually modifier elements provide negation or qualification. To make the use of extensions safe and manageable, there is a strict set of governance applied to the definition and use of extensions. Though any implementer can define an extension, there is a set of requirements that SHALL be met as part of the definition of the extension. Applications processing a resource are required to check for modifier extensions.

Modifier extensions SHALL NOT change the meaning of any elements on Resource or DomainResource (including cannot change the meaning of modifierExtension itself).","There can be no stigma associated with the use of extensions by any application, project, or standard - regardless of the institution or jurisdiction that uses or defines the extensions.  The use of extensions is what allows the FHIR specification to retain a core level of simplicity for everyone.","Modifier extensions allow for extensions that *cannot* be safely ignored to be clearly distinguished from the vast majority of extensions which can be safely ignored.  This promotes interoperability by eliminating the need for implementers to prohibit the presence of extensions. For further information, see the [definition of modifier extensions](http://hl7.org/fhir/R4/extensibility.html#modifierExtension).","","","","","","","",,,,,"",,,,"BackboneElement.modifierExtension",0,*,"","ele-1:All FHIR elements must have a @value or children {hasValue() or (children().count() > id.count())}
ext-1:Must have either extensions or value[x], not both {extension.exists() != value.exists()}","N/A"
"LogicalModelSenologie.Sozialdienst.Stattgefunden","LogicalModelSenologie.Sozialdienst.Stattgefunden","","","",0,1,"","","","boolean {[]} {[]}
","Stattgefunden","Kontakt erfolgt ja/nein","","","","","","","","","",,,,,"",,,,"LogicalModelSenologie.Sozialdienst.Stattgefunden",0,1,"",""
"LogicalModelSenologie.Sozialdienst.Datum","LogicalModelSenologie.Sozialdienst.Datum","","","",0,1,"","","","dateTime {[]} {[]}
","Datum","Datum des Kontakts","","","","","","","","","",,,,,"",,,,"LogicalModelSenologie.Sozialdienst.Datum",0,1,"",""
"LogicalModelSenologie.Verlauf","LogicalModelSenologie.Verlauf","","","",0,*,"","","","BackboneElement {[]} {[]}
","Verlauf / Follow-Up","Verlauf / Follow-Up","","","","","","","","","",,,,,"",,,,"LogicalModelSenologie.Verlauf",0,*,"","ele-1:All FHIR elements must have a @value or children {hasValue() or (children().count() > id.count())}
","11 Verlauf","primaerfall.verlauf","Senologie_Follow_Up (Observation)"
"LogicalModelSenologie.Verlauf.id","LogicalModelSenologie.Verlauf.id","","","",0,1,"","","","string {[]} {[]}
","Unique id for inter-element referencing","Unique id for the element within a resource (for internal references). This may be any string value that does not contain spaces.","","","","","","","","","",,,,,"",,,,"Element.id",0,1,"","","n/a"
"LogicalModelSenologie.Verlauf.extension","LogicalModelSenologie.Verlauf.extension","","extensions
user content","",0,*,"","","","Extension {[]} {[]}
","Additional content defined by implementations","May be used to represent additional information that is not part of the basic definition of the element. To make the use of extensions safe and manageable, there is a strict set of governance  applied to the definition and use of extensions. Though any implementer can define an extension, there is a set of requirements that SHALL be met as part of the definition of the extension.","There can be no stigma associated with the use of extensions by any application, project, or standard - regardless of the institution or jurisdiction that uses or defines the extensions.  The use of extensions is what allows the FHIR specification to retain a core level of simplicity for everyone.","","","","","","","","",,,,,"","value:url}
","Extensions are always sliced by (at least) url",,"open","Element.extension",0,*,"","ele-1:All FHIR elements must have a @value or children {hasValue() or (children().count() > id.count())}
ext-1:Must have either extensions or value[x], not both {extension.exists() != value.exists()}","n/a"
"LogicalModelSenologie.Verlauf.modifierExtension","LogicalModelSenologie.Verlauf.modifierExtension","","extensions
user contentmodifiers","",0,*,"","Y","Y","Extension {[]} {[]}
","Extensions that cannot be ignored even if unrecognized","May be used to represent additional information that is not part of the basic definition of the element and that modifies the understanding of the element in which it is contained and/or the understanding of the containing element's descendants. Usually modifier elements provide negation or qualification. To make the use of extensions safe and manageable, there is a strict set of governance applied to the definition and use of extensions. Though any implementer can define an extension, there is a set of requirements that SHALL be met as part of the definition of the extension. Applications processing a resource are required to check for modifier extensions.

Modifier extensions SHALL NOT change the meaning of any elements on Resource or DomainResource (including cannot change the meaning of modifierExtension itself).","There can be no stigma associated with the use of extensions by any application, project, or standard - regardless of the institution or jurisdiction that uses or defines the extensions.  The use of extensions is what allows the FHIR specification to retain a core level of simplicity for everyone.","Modifier extensions allow for extensions that *cannot* be safely ignored to be clearly distinguished from the vast majority of extensions which can be safely ignored.  This promotes interoperability by eliminating the need for implementers to prohibit the presence of extensions. For further information, see the [definition of modifier extensions](http://hl7.org/fhir/R4/extensibility.html#modifierExtension).","","","","","","","",,,,,"",,,,"BackboneElement.modifierExtension",0,*,"","ele-1:All FHIR elements must have a @value or children {hasValue() or (children().count() > id.count())}
ext-1:Must have either extensions or value[x], not both {extension.exists() != value.exists()}","N/A"
"LogicalModelSenologie.Verlauf.Meldedatum","LogicalModelSenologie.Verlauf.Meldedatum","","","",1,1,"","","","date {[]} {[]}
","Meldedatum","Datum der Verlaufsmeldung (M01)","","","","","","","","","",,,,,"",,,,"LogicalModelSenologie.Verlauf.Meldedatum",1,1,"","","11.1 Meldedatum","Meldedatum"
"LogicalModelSenologie.Verlauf.Melder","LogicalModelSenologie.Verlauf.Melder","","","",0,1,"","","","Reference {[]} {[]}
","Melder","Meldende Einrichtung oder Person (M02)","","","","","","","","","",,,,,"",,,,"LogicalModelSenologie.Verlauf.Melder",0,1,"",""
"LogicalModelSenologie.Verlauf.NachsorgeArt","LogicalModelSenologie.Verlauf.NachsorgeArt","","","",0,1,"","","","CodeableConcept {[]} {[]}
","Art der Nachsorge","Aktiv oder passiv (M03)","","","","","","","","","",,,,,"",,,,"LogicalModelSenologie.Verlauf.NachsorgeArt",0,1,"",""
"LogicalModelSenologie.Verlauf.Vitalstatus","LogicalModelSenologie.Verlauf.Vitalstatus","","","",0,1,"","","","CodeableConcept {[]} {[]}
","Vitalstatus","Lebend, verstorben, unbekannt (M04)","","","","","","","","","",,,,,"",,,,"LogicalModelSenologie.Verlauf.Vitalstatus",0,1,"","","11.4 Vitalstatus","Vitalstatus"
"LogicalModelSenologie.Verlauf.Gesamtbeurteilung","LogicalModelSenologie.Verlauf.Gesamtbeurteilung","","","",0,1,"","","","CodeableConcept {[]} {[]}
","Gesamtbeurteilung","CR, PR, SD, PD etc.","","","","","","","","","",,,,,"",,,,"LogicalModelSenologie.Verlauf.Gesamtbeurteilung",0,1,"","","11.5 Gesamtbeurteilung"
"LogicalModelSenologie.Verlauf.TumorstatusLokal","LogicalModelSenologie.Verlauf.TumorstatusLokal","","","",0,1,"","","","CodeableConcept {[]} {[]}
","Tumorstatus lokal","Lokaler Tumorstatus (M05)","","","","","","","","","",,,,,"",,,,"LogicalModelSenologie.Verlauf.TumorstatusLokal",0,1,"","","11.6 Tumorstatus lokal","Tumorstatus_Lokal"
"LogicalModelSenologie.Verlauf.TumorstatusLK","LogicalModelSenologie.Verlauf.TumorstatusLK","","","",0,1,"","","","CodeableConcept {[]} {[]}
","Tumorstatus Lymphknoten","Lymphknoten-Tumorstatus (M06)","","","","","","","","","",,,,,"",,,,"LogicalModelSenologie.Verlauf.TumorstatusLK",0,1,"","","11.7 Tumorstatus Lymphknoten","Tumorstatus_LK"
"LogicalModelSenologie.Verlauf.TumorstatusFM","LogicalModelSenologie.Verlauf.TumorstatusFM","","","",0,1,"","","","CodeableConcept {[]} {[]}
","Tumorstatus Fernmetastasen","Fernmetastasen-Tumorstatus (M07)","","","","","","","","","",,,,,"",,,,"LogicalModelSenologie.Verlauf.TumorstatusFM",0,1,"","","11.8 Tumorstatus Fernmetastasen","Tumorstatus_FM"
"LogicalModelSenologie.Verlauf.Zweittumor","LogicalModelSenologie.Verlauf.Zweittumor","","","",0,1,"","","","CodeableConcept {[]} {[]}
","Zweittumor","Zweittumor ja/nein/unbekannt (M08)","","","","","","","","","",,,,,"",,,,"LogicalModelSenologie.Verlauf.Zweittumor",0,1,"",""
"LogicalModelSenologie.Verlauf.ZweitttumorICD","LogicalModelSenologie.Verlauf.ZweitttumorICD","","","",0,1,"","","","CodeableConcept {[]} {[]}
","Zweittumor ICD-10-GM","ICD-10-GM des Zweittumors (M09)","","","","","","","","","",,,,,"",,,,"LogicalModelSenologie.Verlauf.ZweitttumorICD",0,1,"",""
"LogicalModelSenologie.Verlauf.ZweitttumorDatum","LogicalModelSenologie.Verlauf.ZweitttumorDatum","","","",0,1,"","","","date {[]} {[]}
","Zweittumor Diagnosedatum","Diagnosedatum des Zweittumors (M10)","","","","","","","","","",,,,,"",,,,"LogicalModelSenologie.Verlauf.ZweitttumorDatum",0,1,"",""
